DATE,SP500,DGS10,UNRATE,CPIAUCSL,DCOILWTICO,NASDAQCOM
2018-01-01,2695.81,2.46,4.0,248.859,60.37,7006.9
2018-01-02,2695.81,2.46,4.0,248.859,60.37,7006.9
2018-01-03,2713.06,2.44,4.0,248.859,61.61,7065.53
2018-01-04,2723.99,2.46,4.0,248.859,61.98,7077.91
2018-01-05,2743.15,2.47,4.0,248.859,61.49,7136.56
2018-01-08,2747.71,2.49,4.0,248.859,61.73,7157.39
2018-01-09,2751.29,2.55,4.0,248.859,62.92,7163.58
2018-01-10,2748.23,2.55,4.0,248.859,63.6,7153.57
2018-01-11,2767.56,2.54,4.0,248.859,63.81,7211.78
2018-01-12,2786.24,2.55,4.0,248.859,64.22,7261.06
2018-01-15,2786.24,2.55,4.0,248.859,64.22,7261.06
2018-01-16,2776.42,2.54,4.0,248.859,63.82,7223.69
2018-01-17,2802.56,2.57,4.0,248.859,63.92,7298.28
2018-01-18,2798.03,2.62,4.0,248.859,63.96,7296.05
2018-01-19,2810.3,2.64,4.0,248.859,63.38,7336.38
2018-01-22,2832.97,2.66,4.0,248.859,63.66,7408.03
2018-01-23,2839.13,2.63,4.0,248.859,64.45,7460.29
2018-01-24,2837.54,2.65,4.0,248.859,65.69,7415.06
2018-01-25,2839.25,2.63,4.0,248.859,65.62,7411.16
2018-01-26,2872.87,2.66,4.0,248.859,66.27,7505.77
2018-01-29,2853.53,2.7,4.0,248.859,65.71,7466.51
2018-01-30,2822.43,2.73,4.0,248.859,64.64,7402.48
2018-01-31,2823.81,2.72,4.0,248.859,64.82,7411.48
2018-02-01,2821.98,2.78,4.1,249.529,65.92,7385.86
2018-02-02,2762.13,2.84,4.1,249.529,65.5,7240.95
2018-02-05,2648.94,2.77,4.1,249.529,64.18,6967.53
2018-02-06,2695.14,2.79,4.1,249.529,63.48,7115.88
2018-02-07,2681.66,2.84,4.1,249.529,61.91,7051.98
2018-02-08,2581.0,2.85,4.1,249.529,61.3,6777.16
2018-02-09,2619.55,2.83,4.1,249.529,59.2,6874.49
2018-02-12,2656.0,2.86,4.1,249.529,59.41,6981.96
2018-02-13,2662.94,2.83,4.1,249.529,59.33,7013.51
2018-02-14,2698.63,2.91,4.1,249.529,60.7,7143.62
2018-02-15,2731.2,2.9,4.1,249.529,61.48,7256.43
2018-02-16,2732.22,2.87,4.1,249.529,61.89,7239.47
2018-02-19,2732.22,2.87,4.1,249.529,61.89,7239.47
2018-02-20,2716.26,2.88,4.1,249.529,61.91,7234.31
2018-02-21,2701.33,2.94,4.1,249.529,61.73,7218.23
2018-02-22,2703.96,2.92,4.1,249.529,62.72,7210.09
2018-02-23,2747.3,2.88,4.1,249.529,63.52,7337.39
2018-02-26,2779.6,2.86,4.1,249.529,63.81,7421.46
2018-02-27,2744.28,2.9,4.1,249.529,62.94,7330.35
2018-02-28,2713.83,2.87,4.1,249.529,61.43,7273.01
2018-03-01,2677.67,2.81,4.0,249.577,60.98,7180.56
2018-03-02,2691.25,2.86,4.0,249.577,61.19,7257.87
2018-03-05,2720.94,2.88,4.0,249.577,62.49,7330.7
2018-03-06,2728.12,2.88,4.0,249.577,62.54,7372.01
2018-03-07,2726.8,2.89,4.0,249.577,61.09,7396.65
2018-03-08,2738.97,2.86,4.0,249.577,60.13,7427.95
2018-03-09,2786.57,2.9,4.0,249.577,62.02,7560.81
2018-03-12,2783.02,2.87,4.0,249.577,61.35,7588.32
2018-03-13,2765.31,2.84,4.0,249.577,60.69,7511.01
2018-03-14,2749.48,2.81,4.0,249.577,60.89,7496.81
2018-03-15,2747.33,2.82,4.0,249.577,61.16,7481.74
2018-03-16,2752.01,2.85,4.0,249.577,62.29,7481.99
2018-03-19,2712.92,2.85,4.0,249.577,62.01,7344.24
2018-03-20,2716.94,2.89,4.0,249.577,63.37,7364.3
2018-03-21,2711.93,2.89,4.0,249.577,65.1,7345.29
2018-03-22,2643.69,2.83,4.0,249.577,64.25,7166.68
2018-03-23,2588.26,2.82,4.0,249.577,65.8,6992.67
2018-03-26,2658.55,2.85,4.0,249.577,65.49,7220.54
2018-03-27,2612.62,2.78,4.0,249.577,65.21,7008.81
2018-03-28,2605.0,2.77,4.0,249.577,64.3,6949.23
2018-03-29,2640.87,2.74,4.0,249.577,64.87,7063.44
2018-03-30,2640.87,2.74,4.0,249.577,64.87,7063.44
2018-04-01,2640.87,2.74,4.0,250.227,64.87,7063.44
2018-04-02,2581.88,2.73,4.0,250.227,63.05,6870.12
2018-04-03,2614.45,2.79,4.0,250.227,63.41,6941.28
2018-04-04,2644.69,2.79,4.0,250.227,63.35,7042.11
2018-04-05,2662.84,2.83,4.0,250.227,63.53,7076.55
2018-04-06,2604.47,2.77,4.0,250.227,62.03,6915.11
2018-04-09,2613.16,2.78,4.0,250.227,63.4,6950.34
2018-04-10,2656.87,2.8,4.0,250.227,65.48,7094.3
2018-04-11,2642.19,2.79,4.0,250.227,66.81,7069.03
2018-04-12,2663.99,2.83,4.0,250.227,67.07,7140.25
2018-04-13,2656.3,2.82,4.0,250.227,67.35,7106.65
2018-04-16,2677.84,2.83,4.0,250.227,66.23,7156.28
2018-04-17,2706.39,2.82,4.0,250.227,66.5,7281.1
2018-04-18,2708.64,2.87,4.0,250.227,68.44,7295.24
2018-04-19,2693.13,2.92,4.0,250.227,68.3,7238.06
2018-04-20,2670.14,2.96,4.0,250.227,68.26,7146.13
2018-04-23,2670.29,2.98,4.0,250.227,67.61,7128.6
2018-04-24,2634.56,3.0,4.0,250.227,67.66,7007.35
2018-04-25,2639.4,3.03,4.0,250.227,68.0,7003.74
2018-04-26,2666.94,3.0,4.0,250.227,68.18,7118.68
2018-04-27,2669.91,2.96,4.0,250.227,68.11,7119.8
2018-04-30,2648.05,2.95,4.0,250.227,68.56,7066.27
2018-05-01,2654.8,2.97,3.8,250.792,67.28,7130.7
2018-05-02,2635.67,2.97,3.8,250.792,67.91,7100.9
2018-05-03,2629.73,2.94,3.8,250.792,68.45,7088.15
2018-05-04,2663.42,2.95,3.8,250.792,69.71,7209.62
2018-05-07,2672.63,2.95,3.8,250.792,70.74,7265.21
2018-05-08,2671.92,2.97,3.8,250.792,68.83,7266.9
2018-05-09,2697.79,3.0,3.8,250.792,71.16,7339.91
2018-05-10,2723.07,2.97,3.8,250.792,71.36,7404.97
2018-05-11,2727.72,2.97,3.8,250.792,70.69,7402.88
2018-05-14,2730.13,3.0,3.8,250.792,71.01,7411.32
2018-05-15,2711.45,3.08,3.8,250.792,71.34,7351.63
2018-05-16,2722.46,3.09,3.8,250.792,71.43,7398.3
2018-05-17,2720.13,3.11,3.8,250.792,71.47,7382.47
2018-05-18,2712.97,3.06,3.8,250.792,71.23,7354.34
2018-05-21,2733.01,3.06,3.8,250.792,72.26,7394.04
2018-05-22,2724.44,3.06,3.8,250.792,72.09,7378.46
2018-05-23,2733.29,3.01,3.8,250.792,71.85,7425.96
2018-05-24,2727.76,2.98,3.8,250.792,70.77,7424.43
2018-05-25,2721.33,2.93,3.8,250.792,67.92,7433.85
2018-05-28,2721.33,2.93,3.8,250.792,67.92,7433.85
2018-05-29,2689.86,2.77,3.8,250.792,66.8,7396.59
2018-05-30,2724.01,2.84,3.8,250.792,68.24,7462.45
2018-05-31,2705.27,2.83,3.8,250.792,66.98,7442.12
2018-06-01,2734.62,2.89,4.0,251.018,65.81,7554.33
2018-06-04,2746.87,2.94,4.0,251.018,64.76,7606.46
2018-06-05,2748.8,2.92,4.0,251.018,65.51,7637.86
2018-06-06,2772.35,2.97,4.0,251.018,64.75,7689.24
2018-06-07,2770.37,2.93,4.0,251.018,65.96,7635.07
2018-06-08,2779.03,2.93,4.0,251.018,65.77,7645.51
2018-06-11,2782.0,2.96,4.0,251.018,66.1,7659.93
2018-06-12,2786.85,2.96,4.0,251.018,66.38,7703.79
2018-06-13,2775.63,2.98,4.0,251.018,66.63,7695.7
2018-06-14,2782.49,2.94,4.0,251.018,66.91,7761.04
2018-06-15,2779.66,2.93,4.0,251.018,65.01,7746.38
2018-06-18,2773.75,2.92,4.0,251.018,65.91,7747.03
2018-06-19,2762.59,2.89,4.0,251.018,65.09,7725.59
2018-06-20,2767.32,2.93,4.0,251.018,65.92,7781.51
2018-06-21,2749.76,2.9,4.0,251.018,65.68,7712.95
2018-06-22,2754.88,2.9,4.0,251.018,69.02,7692.82
2018-06-25,2717.07,2.87,4.0,251.018,69.91,7532.01
2018-06-26,2723.06,2.88,4.0,251.018,75.23,7561.63
2018-06-27,2699.63,2.83,4.0,251.018,77.41,7445.08
2018-06-28,2716.31,2.84,4.0,251.018,73.45,7503.68
2018-06-29,2718.37,2.85,4.0,251.018,74.13,7510.3
2018-07-01,2718.37,2.85,3.8,251.214,74.13,7510.3
2018-07-02,2726.71,2.87,3.8,251.214,73.89,7567.69
2018-07-03,2713.22,2.83,3.8,251.214,74.19,7502.67
2018-07-04,2713.22,2.83,3.8,251.214,74.19,7502.67
2018-07-05,2736.61,2.84,3.8,251.214,73.05,7586.43
2018-07-06,2759.82,2.82,3.8,251.214,73.78,7688.39
2018-07-09,2784.17,2.86,3.8,251.214,73.93,7756.2
2018-07-10,2793.84,2.87,3.8,251.214,74.11,7759.2
2018-07-11,2774.02,2.85,3.8,251.214,70.47,7716.61
2018-07-12,2798.29,2.85,3.8,251.214,70.28,7823.92
2018-07-13,2801.31,2.83,3.8,251.214,71.03,7825.98
2018-07-16,2798.43,2.85,3.8,251.214,68.22,7805.72
2018-07-17,2809.55,2.86,3.8,251.214,68.03,7855.12
2018-07-18,2815.62,2.88,3.8,251.214,68.78,7854.44
2018-07-19,2804.49,2.84,3.8,251.214,69.42,7825.3
2018-07-20,2801.83,2.89,3.8,251.214,70.31,7820.2
2018-07-23,2806.98,2.96,3.8,251.214,67.9,7841.87
2018-07-24,2820.4,2.95,3.8,251.214,70.77,7840.77
2018-07-25,2846.07,2.94,3.8,251.214,71.13,7932.24
2018-07-26,2837.44,2.98,3.8,251.214,71.59,7852.18
2018-07-27,2818.82,2.96,3.8,251.214,68.66,7737.42
2018-07-30,2802.6,2.98,3.8,251.214,71.19,7630.0
2018-07-31,2816.29,2.96,3.8,251.214,69.88,7671.79
2018-08-01,2813.36,3.0,3.8,251.663,68.8,7707.29
2018-08-02,2827.22,2.98,3.8,251.663,68.95,7802.69
2018-08-03,2840.35,2.95,3.8,251.663,68.49,7812.01
2018-08-06,2850.4,2.94,3.8,251.663,69.01,7859.68
2018-08-07,2858.45,2.98,3.8,251.663,69.17,7883.66
2018-08-08,2857.7,2.96,3.8,251.663,66.92,7888.33
2018-08-09,2853.58,2.93,3.8,251.663,66.81,7891.78
2018-08-10,2833.28,2.87,3.8,251.663,67.61,7839.11
2018-08-13,2821.93,2.88,3.8,251.663,67.25,7819.71
2018-08-14,2839.96,2.89,3.8,251.663,67.04,7870.89
2018-08-15,2818.37,2.86,3.8,251.663,65.07,7774.12
2018-08-16,2840.69,2.87,3.8,251.663,65.44,7806.52
2018-08-17,2850.13,2.87,3.8,251.663,65.93,7816.33
2018-08-20,2857.05,2.82,3.8,251.663,66.5,7821.01
2018-08-21,2862.96,2.85,3.8,251.663,67.32,7859.17
2018-08-22,2861.82,2.82,3.8,251.663,67.85,7889.1
2018-08-23,2856.98,2.82,3.8,251.663,69.13,7878.46
2018-08-24,2874.69,2.82,3.8,251.663,69.71,7945.98
2018-08-27,2896.74,2.85,3.8,251.663,69.97,8017.9
2018-08-28,2897.52,2.88,3.8,251.663,68.54,8030.04
2018-08-29,2914.04,2.89,3.8,251.663,69.68,8109.69
2018-08-30,2901.13,2.86,3.8,251.663,70.25,8088.36
2018-08-31,2901.52,2.86,3.8,251.663,69.84,8109.54
2018-09-01,2901.52,2.86,3.7,252.182,69.84,8109.54
2018-09-03,2901.52,2.86,3.7,252.182,69.84,8109.54
2018-09-04,2896.72,2.9,3.7,252.182,69.82,8091.25
2018-09-05,2888.6,2.9,3.7,252.182,68.69,7995.17
2018-09-06,2878.05,2.88,3.7,252.182,67.81,7922.73
2018-09-07,2871.68,2.94,3.7,252.182,67.73,7902.54
2018-09-10,2877.13,2.94,3.7,252.182,67.55,7924.16
2018-09-11,2887.89,2.98,3.7,252.182,69.29,7972.47
2018-09-12,2888.92,2.97,3.7,252.182,70.37,7954.23
2018-09-13,2904.18,2.97,3.7,252.182,68.6,8013.71
2018-09-14,2904.98,2.99,3.7,252.182,68.98,8010.04
2018-09-17,2888.8,2.99,3.7,252.182,68.86,7895.79
2018-09-18,2904.31,3.05,3.7,252.182,69.87,7956.11
2018-09-19,2907.95,3.08,3.7,252.182,71.08,7950.04
2018-09-20,2930.75,3.07,3.7,252.182,70.77,8028.23
2018-09-21,2929.67,3.07,3.7,252.182,70.8,7986.96
2018-09-24,2919.37,3.08,3.7,252.182,73.23,7993.25
2018-09-25,2915.56,3.1,3.7,252.182,73.4,8007.47
2018-09-26,2905.97,3.06,3.7,252.182,72.22,7990.37
2018-09-27,2914.0,3.06,3.7,252.182,72.18,8041.97
2018-09-28,2913.98,3.05,3.7,252.182,73.16,8046.35
2018-10-01,2924.59,3.09,3.8,252.772,75.37,8037.3
2018-10-02,2923.43,3.05,3.8,252.772,75.16,7999.55
2018-10-03,2925.51,3.15,3.8,252.772,76.4,8025.09
2018-10-04,2901.61,3.19,3.8,252.772,74.44,7879.51
2018-10-05,2885.57,3.23,3.8,252.772,74.26,7788.45
2018-10-08,2884.43,3.23,3.8,252.772,74.27,7735.95
2018-10-09,2880.34,3.21,3.8,252.772,74.95,7738.02
2018-10-10,2785.68,3.22,3.8,252.772,73.18,7422.05
2018-10-11,2728.37,3.14,3.8,252.772,70.97,7329.06
2018-10-12,2767.13,3.15,3.8,252.772,71.41,7496.89
2018-10-15,2750.79,3.16,3.8,252.772,71.84,7430.74
2018-10-16,2809.92,3.16,3.8,252.772,71.93,7645.49
2018-10-17,2809.21,3.19,3.8,252.772,69.63,7642.7
2018-10-18,2768.78,3.17,3.8,252.772,68.63,7485.14
2018-10-19,2767.78,3.2,3.8,252.772,69.16,7449.03
2018-10-22,2755.88,3.2,3.8,252.772,69.25,7468.63
2018-10-23,2740.69,3.17,3.8,252.772,66.49,7437.54
2018-10-24,2656.1,3.1,3.8,252.772,66.56,7108.4
2018-10-25,2705.57,3.14,3.8,252.772,67.25,7318.34
2018-10-26,2658.69,3.08,3.8,252.772,67.58,7167.21
2018-10-29,2641.25,3.08,3.8,252.772,67.0,7050.29
2018-10-30,2682.63,3.12,3.8,252.772,66.18,7161.65
2018-10-31,2711.74,3.15,3.8,252.772,65.31,7305.9
2018-11-01,2740.37,3.14,3.8,252.594,63.67,7434.06
2018-11-02,2723.06,3.22,3.8,252.594,63.12,7356.99
2018-11-05,2738.31,3.2,3.8,252.594,63.12,7328.85
2018-11-06,2755.45,3.22,3.8,252.594,62.16,7375.96
2018-11-07,2813.89,3.22,3.8,252.594,61.69,7570.75
2018-11-08,2806.83,3.24,3.8,252.594,60.71,7530.88
2018-11-09,2781.01,3.19,3.8,252.594,60.19,7406.9
2018-11-12,2726.22,3.19,3.8,252.594,59.85,7200.87
2018-11-13,2722.18,3.14,3.8,252.594,55.63,7200.87
2018-11-14,2701.58,3.12,3.8,252.594,56.16,7136.39
2018-11-15,2730.2,3.11,3.8,252.594,56.45,7259.03
2018-11-16,2736.27,3.08,3.8,252.594,56.49,7247.87
2018-11-19,2690.73,3.06,3.8,252.594,57.16,7028.48
2018-11-20,2641.89,3.06,3.8,252.594,53.39,6908.82
2018-11-21,2649.93,3.06,3.8,252.594,54.41,6972.25
2018-11-22,2649.93,3.06,3.8,252.594,54.41,6972.25
2018-11-23,2632.56,3.05,3.8,252.594,54.41,6938.98
2018-11-26,2673.45,3.07,3.8,252.594,51.46,7081.85
2018-11-27,2682.17,3.06,3.8,252.594,51.31,7082.7
2018-11-28,2743.79,3.06,3.8,252.594,50.06,7291.59
2018-11-29,2737.76,3.03,3.8,252.594,51.46,7273.08
2018-11-30,2760.17,3.01,3.8,252.594,50.78,7330.54
2018-12-01,2760.17,3.01,3.9,252.767,50.78,7330.54
2018-12-03,2790.37,2.98,3.9,252.767,52.98,7441.51
2018-12-04,2700.06,2.91,3.9,252.767,53.21,7158.43
2018-12-05,2700.06,2.91,3.9,252.767,52.64,7158.43
2018-12-06,2695.95,2.87,3.9,252.767,51.54,7188.26
2018-12-07,2633.08,2.85,3.9,252.767,52.76,6969.25
2018-12-10,2637.72,2.85,3.9,252.767,51.07,7020.52
2018-12-11,2636.78,2.89,3.9,252.767,51.65,7031.83
2018-12-12,2651.07,2.91,3.9,252.767,51.04,7098.31
2018-12-13,2650.54,2.91,3.9,252.767,52.69,7070.33
2018-12-14,2599.95,2.89,3.9,252.767,51.26,6910.66
2018-12-17,2545.94,2.86,3.9,252.767,49.8,6753.73
2018-12-18,2546.16,2.82,3.9,252.767,46.12,6783.91
2018-12-19,2506.96,2.77,3.9,252.767,47.96,6636.83
2018-12-20,2467.42,2.79,3.9,252.767,45.64,6528.41
2018-12-21,2416.62,2.79,3.9,252.767,45.38,6332.99
2018-12-24,2351.1,2.74,3.9,252.767,45.38,6192.92
2018-12-25,2351.1,2.74,3.9,252.767,45.38,6192.92
2018-12-26,2467.7,2.81,3.9,252.767,46.04,6554.36
2018-12-27,2488.83,2.77,3.9,252.767,44.48,6579.49
2018-12-28,2485.74,2.72,3.9,252.767,45.15,6584.52
2018-12-31,2506.85,2.69,3.9,252.767,45.15,6635.28
2019-01-01,2506.85,2.69,4.0,252.561,45.15,6635.28
2019-01-02,2510.03,2.66,4.0,252.561,46.31,6665.94
2019-01-03,2447.89,2.56,4.0,252.561,46.92,6463.5
2019-01-04,2531.94,2.67,4.0,252.561,47.76,6738.86
2019-01-07,2549.69,2.7,4.0,252.561,48.27,6823.47
2019-01-08,2574.41,2.73,4.0,252.561,49.58,6897.0
2019-01-09,2584.96,2.74,4.0,252.561,52.19,6957.08
2019-01-10,2596.64,2.74,4.0,252.561,52.42,6986.07
2019-01-11,2596.26,2.71,4.0,252.561,51.44,6971.48
2019-01-14,2582.61,2.71,4.0,252.561,50.31,6905.92
2019-01-15,2610.3,2.72,4.0,252.561,51.8,7023.83
2019-01-16,2616.1,2.73,4.0,252.561,52.08,7034.69
2019-01-17,2635.96,2.75,4.0,252.561,51.83,7084.46
2019-01-18,2670.71,2.79,4.0,252.561,53.6,7157.23
2019-01-21,2670.71,2.79,4.0,252.561,53.6,7157.23
2019-01-22,2632.9,2.74,4.0,252.561,52.59,7020.36
2019-01-23,2638.7,2.76,4.0,252.561,52.44,7025.77
2019-01-24,2642.33,2.72,4.0,252.561,52.94,7073.46
2019-01-25,2664.76,2.76,4.0,252.561,53.53,7164.86
2019-01-28,2643.85,2.75,4.0,252.561,51.79,7085.68
2019-01-29,2640.0,2.72,4.0,252.561,53.07,7028.29
2019-01-30,2681.05,2.7,4.0,252.561,54.18,7183.08
2019-01-31,2704.1,2.63,4.0,252.561,53.84,7281.74
2019-02-01,2706.53,2.7,3.8,253.319,55.29,7263.87
2019-02-04,2724.87,2.73,3.8,253.319,54.57,7347.54
2019-02-05,2737.7,2.71,3.8,253.319,53.69,7402.08
2019-02-06,2731.61,2.7,3.8,253.319,53.94,7375.28
2019-02-07,2706.05,2.65,3.8,253.319,52.68,7288.35
2019-02-08,2707.88,2.63,3.8,253.319,52.75,7298.2
2019-02-11,2709.8,2.65,3.8,253.319,52.43,7307.9
2019-02-12,2744.73,2.68,3.8,253.319,53.14,7414.62
2019-02-13,2753.03,2.71,3.8,253.319,53.84,7420.38
2019-02-14,2745.73,2.66,3.8,253.319,54.4,7426.95
2019-02-15,2775.6,2.66,3.8,253.319,55.58,7472.41
2019-02-18,2775.6,2.66,3.8,253.319,55.58,7472.41
2019-02-19,2779.76,2.65,3.8,253.319,56.12,7486.77
2019-02-20,2784.7,2.65,3.8,253.319,56.9,7489.07
2019-02-21,2774.88,2.69,3.8,253.319,56.95,7459.71
2019-02-22,2792.67,2.65,3.8,253.319,57.01,7527.54
2019-02-25,2796.11,2.67,3.8,253.319,55.32,7554.46
2019-02-26,2793.9,2.64,3.8,253.319,55.4,7549.3
2019-02-27,2792.38,2.69,3.8,253.319,56.92,7554.51
2019-02-28,2784.49,2.73,3.8,253.319,57.21,7532.53
2019-03-01,2803.69,2.76,3.8,254.277,55.76,7595.35
2019-03-04,2792.81,2.72,3.8,254.277,56.6,7577.57
2019-03-05,2789.65,2.72,3.8,254.277,56.55,7576.36
2019-03-06,2771.45,2.69,3.8,254.277,56.22,7505.92
2019-03-07,2748.93,2.64,3.8,254.277,56.6,7421.46
2019-03-08,2743.07,2.62,3.8,254.277,55.77,7408.14
2019-03-11,2783.3,2.64,3.8,254.277,56.79,7558.06
2019-03-12,2791.52,2.61,3.8,254.277,56.89,7591.03
2019-03-13,2810.92,2.61,3.8,254.277,58.27,7643.41
2019-03-14,2808.48,2.63,3.8,254.277,58.59,7630.91
2019-03-15,2822.48,2.59,3.8,254.277,58.51,7688.53
2019-03-18,2832.94,2.6,3.8,254.277,59.09,7714.48
2019-03-19,2832.57,2.61,3.8,254.277,59.12,7723.95
2019-03-20,2824.23,2.54,3.8,254.277,60.12,7728.97
2019-03-21,2854.88,2.54,3.8,254.277,59.98,7838.96
2019-03-22,2800.71,2.44,3.8,254.277,58.87,7642.67
2019-03-25,2798.36,2.43,3.8,254.277,58.71,7637.54
2019-03-26,2818.46,2.41,3.8,254.277,59.87,7691.52
2019-03-27,2805.37,2.39,3.8,254.277,59.39,7643.38
2019-03-28,2815.44,2.39,3.8,254.277,59.29,7669.17
2019-03-29,2834.4,2.41,3.8,254.277,60.19,7729.32
2019-04-01,2867.19,2.49,3.7,255.233,61.59,7828.91
2019-04-02,2867.24,2.48,3.7,255.233,62.53,7848.69
2019-04-03,2873.4,2.52,3.7,255.233,62.46,7895.55
2019-04-04,2879.39,2.51,3.7,255.233,62.12,7891.78
2019-04-05,2892.74,2.5,3.7,255.233,63.1,7938.69
2019-04-08,2895.77,2.52,3.7,255.233,64.37,7953.88
2019-04-09,2878.2,2.51,3.7,255.233,64.05,7909.28
2019-04-10,2888.21,2.48,3.7,255.233,64.62,7964.24
2019-04-11,2888.32,2.51,3.7,255.233,63.61,7947.36
2019-04-12,2907.41,2.56,3.7,255.233,63.86,7984.16
2019-04-15,2905.58,2.55,3.7,255.233,63.43,7976.01
2019-04-16,2907.06,2.6,3.7,255.233,64.01,8000.23
2019-04-17,2900.45,2.59,3.7,255.233,63.74,7996.08
2019-04-18,2905.03,2.57,3.7,255.233,64.02,7998.06
2019-04-19,2905.03,2.57,3.7,255.233,64.02,7998.063
2019-04-22,2907.97,2.59,3.7,255.233,65.66,8015.27
2019-04-23,2933.68,2.57,3.7,255.233,66.24,8120.82
2019-04-24,2927.25,2.53,3.7,255.233,65.96,8102.01
2019-04-25,2926.17,2.54,3.7,255.233,65.23,8106.29
2019-04-26,2939.88,2.51,3.7,255.233,63.29,8133.96
2019-04-29,2943.03,2.54,3.7,255.233,63.39,8149.39
2019-04-30,2945.83,2.51,3.7,255.233,63.83,8095.39
2019-05-01,2923.73,2.52,3.6,255.296,63.55,8049.64
2019-05-02,2917.52,2.55,3.6,255.296,61.75,8036.77
2019-05-03,2945.64,2.54,3.6,255.296,61.98,8164.0
2019-05-06,2932.47,2.51,3.6,255.296,62.3,8123.29
2019-05-07,2884.05,2.45,3.6,255.296,61.41,7963.76
2019-05-08,2879.42,2.49,3.6,255.296,62.13,7943.32
2019-05-09,2870.72,2.45,3.6,255.296,61.58,7910.59
2019-05-10,2881.4,2.47,3.6,255.296,61.65,7916.94
2019-05-13,2811.87,2.4,3.6,255.296,60.97,7647.02
2019-05-14,2834.41,2.42,3.6,255.296,61.82,7734.49
2019-05-15,2850.96,2.37,3.6,255.296,62.03,7822.15
2019-05-16,2876.32,2.4,3.6,255.296,62.93,7898.05
2019-05-17,2859.53,2.39,3.6,255.296,62.77,7816.28
2019-05-20,2840.23,2.41,3.6,255.296,63.12,7702.38
2019-05-21,2864.36,2.43,3.6,255.296,63.02,7785.72
2019-05-22,2856.27,2.39,3.6,255.296,61.42,7750.84
2019-05-23,2822.24,2.31,3.6,255.296,57.65,7628.28
2019-05-24,2826.06,2.32,3.6,255.296,58.4,7637.01
2019-05-27,2826.06,2.32,3.6,255.296,58.4,7637.01
2019-05-28,2802.39,2.26,3.6,255.296,58.91,7607.35
2019-05-29,2783.02,2.25,3.6,255.296,58.84,7547.31
2019-05-30,2788.86,2.22,3.6,255.296,56.47,7567.72
2019-05-31,2752.06,2.14,3.6,255.296,53.49,7453.15
2019-06-01,2752.06,2.14,3.6,255.213,53.49,7453.15
2019-06-03,2744.45,2.07,3.6,255.213,53.25,7333.02
2019-06-04,2803.27,2.12,3.6,255.213,53.5,7527.12
2019-06-05,2826.15,2.12,3.6,255.213,51.57,7575.48
2019-06-06,2843.49,2.12,3.6,255.213,52.59,7615.55
2019-06-07,2873.34,2.09,3.6,255.213,53.95,7742.1
2019-06-10,2886.73,2.15,3.6,255.213,53.33,7823.17
2019-06-11,2885.72,2.15,3.6,255.213,53.3,7822.57
2019-06-12,2879.84,2.13,3.6,255.213,51.13,7792.72
2019-06-13,2891.64,2.1,3.6,255.213,52.38,7837.13
2019-06-14,2886.98,2.09,3.6,255.213,52.47,7796.66
2019-06-17,2889.67,2.09,3.6,255.213,51.94,7845.02
2019-06-18,2917.75,2.06,3.6,255.213,53.86,7953.88
2019-06-19,2926.46,2.03,3.6,255.213,53.74,7987.32
2019-06-20,2954.18,2.01,3.6,255.213,56.88,8051.34
2019-06-21,2950.46,2.07,3.6,255.213,57.35,8031.71
2019-06-24,2945.35,2.02,3.6,255.213,57.73,8005.7
2019-06-25,2917.38,2.0,3.6,255.213,57.63,7884.72
2019-06-26,2913.78,2.05,3.6,255.213,59.17,7909.97
2019-06-27,2924.92,2.01,3.6,255.213,59.18,7967.76
2019-06-28,2941.76,2.0,3.6,255.213,58.2,8006.24
2019-07-01,2964.33,2.03,3.7,255.802,58.91,8091.16
2019-07-02,2973.01,1.98,3.7,255.802,56.0,8109.09
2019-07-03,2995.82,1.96,3.7,255.802,57.06,8170.23
2019-07-04,2995.82,1.96,3.7,255.802,57.06,8170.23
2019-07-05,2990.41,2.04,3.7,255.802,57.06,8161.79
2019-07-08,2975.95,2.05,3.7,255.802,57.35,8098.38
2019-07-09,2979.63,2.07,3.7,255.802,57.57,8141.73
2019-07-10,2993.07,2.07,3.7,255.802,60.28,8202.53
2019-07-11,2999.91,2.13,3.7,255.802,59.93,8196.04
2019-07-12,3013.77,2.12,3.7,255.802,59.99,8244.14
2019-07-15,3014.3,2.09,3.7,255.802,59.3,8258.19
2019-07-16,3004.04,2.13,3.7,255.802,57.44,8222.8
2019-07-17,2984.42,2.06,3.7,255.802,56.5,8185.21
2019-07-18,2995.11,2.04,3.7,255.802,55.08,8207.24
2019-07-19,2976.61,2.05,3.7,255.802,55.42,8146.49
2019-07-22,2985.03,2.05,3.7,255.802,55.87,8204.14
2019-07-23,3005.47,2.08,3.7,255.802,56.58,8251.4
2019-07-24,3019.56,2.05,3.7,255.802,55.9,8321.5
2019-07-25,3003.67,2.08,3.7,255.802,55.88,8238.54
2019-07-26,3025.86,2.08,3.7,255.802,56.04,8330.21
2019-07-29,3020.97,2.06,3.7,255.802,56.85,8293.33
2019-07-30,3013.18,2.06,3.7,255.802,58.04,8273.61
2019-07-31,2980.38,2.02,3.7,255.802,58.53,8175.42
2019-08-01,2953.56,1.9,3.6,256.036,53.64,8111.12
2019-08-02,2932.05,1.86,3.6,256.036,55.67,8004.07
2019-08-05,2844.74,1.75,3.6,256.036,54.63,7726.04
2019-08-06,2881.77,1.73,3.6,256.036,53.6,7833.27
2019-08-07,2883.98,1.71,3.6,256.036,51.14,7862.83
2019-08-08,2938.09,1.72,3.6,256.036,52.6,8039.16
2019-08-09,2918.65,1.74,3.6,256.036,54.41,7959.14
2019-08-12,2883.75,1.65,3.6,256.036,54.98,7863.41
2019-08-13,2926.32,1.68,3.6,256.036,57.05,8016.36
2019-08-14,2840.6,1.59,3.6,256.036,55.16,7773.94
2019-08-15,2847.6,1.52,3.6,256.036,54.51,7766.62
2019-08-16,2888.68,1.55,3.6,256.036,54.83,7895.99
2019-08-19,2923.65,1.6,3.6,256.036,56.24,8002.81
2019-08-20,2900.51,1.55,3.6,256.036,56.18,7948.56
2019-08-21,2924.43,1.59,3.6,256.036,55.65,8020.21
2019-08-22,2922.95,1.62,3.6,256.036,55.33,7991.39
2019-08-23,2847.11,1.52,3.6,256.036,54.08,7751.77
2019-08-26,2878.38,1.54,3.6,256.036,53.54,7853.74
2019-08-27,2869.16,1.49,3.6,256.036,54.99,7826.95
2019-08-28,2887.94,1.47,3.6,256.036,55.76,7856.88
2019-08-29,2924.58,1.5,3.6,256.036,56.67,7973.39
2019-08-30,2926.46,1.5,3.6,256.036,55.07,7962.88
2019-09-01,2926.46,1.5,3.5,256.43,55.07,7962.88
2019-09-02,2926.46,1.5,3.5,256.43,55.07,7962.88
2019-09-03,2906.27,1.47,3.5,256.43,53.91,7874.16
2019-09-04,2937.78,1.47,3.5,256.43,56.22,7976.88
2019-09-05,2976.0,1.57,3.5,256.43,56.33,8116.83
2019-09-06,2978.71,1.55,3.5,256.43,56.45,8103.07
2019-09-09,2978.43,1.63,3.5,256.43,57.88,8087.44
2019-09-10,2979.39,1.72,3.5,256.43,57.37,8084.16
2019-09-11,3000.93,1.75,3.5,256.43,55.66,8169.68
2019-09-12,3009.57,1.79,3.5,256.43,55.13,8194.47
2019-09-13,3007.39,1.9,3.5,256.43,54.76,8176.71
2019-09-16,2997.96,1.84,3.5,256.43,63.1,8153.54
2019-09-17,3005.7,1.81,3.5,256.43,59.26,8186.02
2019-09-18,3006.73,1.8,3.5,256.43,58.19,8177.39
2019-09-19,3006.79,1.79,3.5,256.43,58.19,8182.88
2019-09-20,2992.07,1.74,3.5,256.43,57.92,8117.67
2019-09-23,2991.78,1.72,3.5,256.43,58.69,8112.46
2019-09-24,2966.6,1.64,3.5,256.43,57.22,7993.63
2019-09-25,2984.87,1.73,3.5,256.43,56.38,8077.38
2019-09-26,2977.62,1.7,3.5,256.43,56.24,8030.66
2019-09-27,2961.79,1.69,3.5,256.43,55.95,7939.63
2019-09-30,2976.74,1.68,3.5,256.43,54.09,7999.33
2019-10-01,2940.25,1.65,3.6,257.155,53.6,7908.67
2019-10-02,2887.61,1.6,3.6,257.155,52.67,7785.23
2019-10-03,2910.63,1.54,3.6,257.155,52.41,7872.25
2019-10-04,2952.01,1.52,3.6,257.155,52.84,7982.46
2019-10-07,2938.79,1.56,3.6,257.155,52.76,7956.28
2019-10-08,2893.06,1.54,3.6,257.155,52.64,7823.76
2019-10-09,2919.4,1.59,3.6,257.155,52.63,7903.73
2019-10-10,2938.13,1.67,3.6,257.155,53.57,7950.77
2019-10-11,2970.27,1.76,3.6,257.155,54.76,8057.04
2019-10-14,2966.15,1.76,3.6,257.155,53.57,8048.65
2019-10-15,2995.68,1.77,3.6,257.155,52.81,8148.71
2019-10-16,2989.69,1.75,3.6,257.155,53.42,8124.18
2019-10-17,2997.95,1.76,3.6,257.155,53.89,8156.85
2019-10-18,2986.2,1.76,3.6,257.155,53.75,8089.54
2019-10-21,3006.72,1.8,3.6,257.155,53.28,8162.99
2019-10-22,2995.99,1.78,3.6,257.155,54.21,8104.3
2019-10-23,3004.52,1.77,3.6,257.155,55.9,8119.79
2019-10-24,3010.29,1.77,3.6,257.155,56.11,8185.8
2019-10-25,3022.55,1.8,3.6,257.155,56.52,8243.12
2019-10-28,3039.42,1.85,3.6,257.155,55.6,8325.99
2019-10-29,3036.89,1.84,3.6,257.155,55.34,8276.85
2019-10-30,3046.77,1.78,3.6,257.155,54.85,8303.98
2019-10-31,3037.56,1.69,3.6,257.155,54.02,8292.36
2019-11-01,3066.91,1.73,3.6,257.879,56.04,8386.4
2019-11-04,3078.27,1.79,3.6,257.879,56.33,8433.2
2019-11-05,3074.62,1.86,3.6,257.879,57.04,8434.68
2019-11-06,3076.78,1.81,3.6,257.879,56.15,8410.63
2019-11-07,3085.18,1.92,3.6,257.879,56.91,8434.52
2019-11-08,3093.08,1.94,3.6,257.879,57.02,8475.31
2019-11-11,3087.01,1.94,3.6,257.879,57.02,8464.28
2019-11-12,3091.84,1.92,3.6,257.879,56.67,8486.09
2019-11-13,3094.04,1.88,3.6,257.879,56.88,8482.1
2019-11-14,3096.63,1.82,3.6,257.879,56.57,8479.02
2019-11-15,3120.46,1.84,3.6,257.879,57.54,8540.83
2019-11-18,3122.03,1.81,3.6,257.879,56.82,8549.94
2019-11-19,3120.18,1.79,3.6,257.879,54.93,8570.66
2019-11-20,3108.46,1.73,3.6,257.879,56.71,8526.73
2019-11-21,3103.54,1.77,3.6,257.879,58.36,8506.21
2019-11-22,3110.29,1.77,3.6,257.879,57.68,8519.88
2019-11-25,3133.64,1.76,3.6,257.879,57.79,8632.49
2019-11-26,3140.52,1.74,3.6,257.879,58.25,8647.93
2019-11-27,3153.63,1.77,3.6,257.879,58.12,8705.18
2019-11-28,3153.63,1.77,3.6,257.879,58.12,8705.18
2019-11-29,3140.98,1.78,3.6,257.879,58.12,8665.47
2019-12-01,3140.98,1.78,3.6,258.63,58.12,8665.47
2019-12-02,3113.87,1.83,3.6,258.63,55.97,8567.99
2019-12-03,3093.2,1.72,3.6,258.63,56.15,8520.64
2019-12-04,3112.76,1.77,3.6,258.63,58.46,8566.67
2019-12-05,3117.43,1.8,3.6,258.63,58.42,8570.7
2019-12-06,3145.91,1.84,3.6,258.63,59.2,8656.53
2019-12-09,3135.96,1.83,3.6,258.63,58.99,8621.83
2019-12-10,3132.52,1.85,3.6,258.63,59.22,8616.18
2019-12-11,3141.63,1.79,3.6,258.63,58.74,8654.05
2019-12-12,3168.57,1.9,3.6,258.63,59.18,8717.32
2019-12-13,3168.8,1.82,3.6,258.63,60.11,8734.88
2019-12-16,3191.45,1.89,3.6,258.63,60.21,8814.23
2019-12-17,3192.52,1.89,3.6,258.63,60.88,8823.36
2019-12-18,3191.14,1.92,3.6,258.63,60.93,8827.73
2019-12-19,3205.37,1.92,3.6,258.63,61.3,8887.22
2019-12-20,3221.22,1.92,3.6,258.63,60.43,8924.96
2019-12-23,3224.01,1.93,3.6,258.63,60.51,8945.65
2019-12-24,3223.38,1.9,3.6,258.63,61.17,8952.88
2019-12-25,3223.38,1.9,3.6,258.63,61.17,8952.88
2019-12-26,3239.91,1.9,3.6,258.63,61.72,9022.39
2019-12-27,3240.02,1.88,3.6,258.63,61.76,9006.62
2019-12-30,3221.29,1.9,3.6,258.63,61.66,8945.99
2019-12-31,3230.78,1.92,3.6,258.63,61.14,8972.6
2020-01-01,3230.78,1.92,3.6,259.127,61.14,8972.6
2020-01-02,3257.85,1.88,3.6,259.127,61.17,9092.19
2020-01-03,3234.85,1.8,3.6,259.127,63.0,9020.77
2020-01-06,3246.28,1.81,3.6,259.127,63.27,9071.46
2020-01-07,3237.18,1.83,3.6,259.127,62.7,9068.58
2020-01-08,3253.05,1.87,3.6,259.127,59.65,9129.24
2020-01-09,3274.7,1.85,3.6,259.127,59.56,9203.43
2020-01-10,3265.35,1.83,3.6,259.127,59.02,9178.86
2020-01-13,3288.13,1.85,3.6,259.127,58.17,9273.93
2020-01-14,3283.15,1.82,3.6,259.127,58.34,9251.33
2020-01-15,3289.29,1.79,3.6,259.127,57.86,9258.7
2020-01-16,3316.81,1.81,3.6,259.127,58.52,9357.13
2020-01-17,3329.62,1.84,3.6,259.127,58.55,9388.94
2020-01-20,3329.62,1.84,3.6,259.127,58.55,9388.94
2020-01-21,3320.79,1.78,3.6,259.127,58.25,9370.81
2020-01-22,3321.75,1.77,3.6,259.127,56.76,9383.77
2020-01-23,3325.54,1.74,3.6,259.127,55.51,9402.48
2020-01-24,3295.47,1.7,3.6,259.127,54.09,9314.91
2020-01-27,3243.63,1.61,3.6,259.127,53.09,9139.31
2020-01-28,3276.24,1.65,3.6,259.127,53.33,9269.68
2020-01-29,3273.4,1.6,3.6,259.127,53.29,9275.16
2020-01-30,3283.66,1.57,3.6,259.127,52.19,9298.93
2020-01-31,3225.52,1.51,3.6,259.127,51.58,9150.94
2020-02-01,3225.52,1.51,3.5,259.25,51.58,9150.94
2020-02-03,3248.92,1.54,3.5,259.25,50.06,9273.4
2020-02-04,3297.59,1.61,3.5,259.25,49.59,9467.97
2020-02-05,3334.69,1.66,3.5,259.25,50.87,9508.68
2020-02-06,3345.78,1.65,3.5,259.25,50.94,9572.15
2020-02-07,3327.71,1.59,3.5,259.25,50.34,9520.51
2020-02-10,3352.09,1.56,3.5,259.25,49.59,9628.39
2020-02-11,3357.75,1.59,3.5,259.25,50.0,9638.94
2020-02-12,3379.45,1.62,3.5,259.25,51.13,9725.96
2020-02-13,3373.94,1.61,3.5,259.25,51.41,9711.97
2020-02-14,3380.16,1.59,3.5,259.25,52.03,9731.18
2020-02-17,3380.16,1.59,3.5,259.25,52.03,9731.18
2020-02-18,3370.29,1.55,3.5,259.25,52.1,9732.74
2020-02-19,3386.15,1.56,3.5,259.25,53.31,9817.18
2020-02-20,3373.23,1.52,3.5,259.25,53.77,9750.96
2020-02-21,3337.75,1.46,3.5,259.25,53.36,9576.59
2020-02-24,3225.89,1.38,3.5,259.25,51.36,9221.28
2020-02-25,3128.21,1.33,3.5,259.25,49.78,8965.61
2020-02-26,3116.39,1.33,3.5,259.25,48.67,8980.77
2020-02-27,2978.76,1.3,3.5,259.25,47.17,8566.48
2020-02-28,2954.22,1.13,3.5,259.25,44.83,8567.37
2020-03-01,2954.22,1.13,4.4,258.076,44.83,8567.37
2020-03-02,3090.23,1.1,4.4,258.076,46.78,8952.16
2020-03-03,3003.37,1.02,4.4,258.076,47.27,8684.09
2020-03-04,3130.12,1.02,4.4,258.076,46.78,9018.09
2020-03-05,3023.94,0.92,4.4,258.076,45.9,8738.6
2020-03-06,2972.37,0.74,4.4,258.076,41.14,8575.62
2020-03-09,2746.56,0.54,4.4,258.076,31.05,7950.68
2020-03-10,2882.23,0.76,4.4,258.076,34.47,8344.25
2020-03-11,2741.38,0.82,4.4,258.076,33.13,7952.05
2020-03-12,2480.64,0.88,4.4,258.076,31.56,7201.8
2020-03-13,2711.02,0.94,4.4,258.076,31.72,7874.88
2020-03-16,2386.13,0.73,4.4,258.076,28.96,6904.59
2020-03-17,2529.19,1.02,4.4,258.076,26.96,7334.78
2020-03-18,2398.1,1.18,4.4,258.076,20.48,6989.84
2020-03-19,2409.39,1.12,4.4,258.076,25.09,7150.58
2020-03-20,2304.92,0.92,4.4,258.076,19.48,6879.52
2020-03-23,2237.4,0.76,4.4,258.076,23.33,6860.67
2020-03-24,2447.33,0.84,4.4,258.076,21.03,7417.86
2020-03-25,2475.56,0.88,4.4,258.076,20.75,7384.3
2020-03-26,2630.07,0.83,4.4,258.076,16.6,7797.54
2020-03-27,2541.47,0.72,4.4,258.076,15.48,7502.38
2020-03-30,2626.65,0.7,4.4,258.076,14.1,7774.15
2020-03-31,2584.59,0.7,4.4,258.076,20.51,7700.1
2020-04-01,2470.5,0.62,14.8,256.032,20.28,7360.58
2020-04-02,2526.9,0.63,14.8,256.032,25.18,7487.31
2020-04-03,2488.65,0.62,14.8,256.032,28.36,7373.08
2020-04-06,2663.68,0.67,14.8,256.032,26.21,7913.24
2020-04-07,2659.41,0.75,14.8,256.032,23.54,7887.26
2020-04-08,2749.98,0.77,14.8,256.032,24.97,8090.9
2020-04-09,2789.82,0.73,14.8,256.032,22.9,8153.58
2020-04-10,2789.82,0.73,14.8,256.032,22.9,8153.58
2020-04-13,2761.63,0.76,14.8,256.032,22.36,8192.42
2020-04-14,2846.06,0.76,14.8,256.032,20.15,8515.74
2020-04-15,2783.36,0.63,14.8,256.032,19.96,8393.18
2020-04-16,2799.55,0.61,14.8,256.032,19.82,8532.36
2020-04-17,2874.56,0.65,14.8,256.032,18.31,8650.14
2020-04-20,2823.16,0.63,14.8,256.032,-36.98,8560.73
2020-04-21,2736.56,0.58,14.8,256.032,8.91,8263.23
2020-04-22,2799.31,0.63,14.8,256.032,13.64,8495.38
2020-04-23,2797.8,0.61,14.8,256.032,15.06,8494.75
2020-04-24,2836.74,0.6,14.8,256.032,15.99,8634.52
2020-04-27,2878.48,0.67,14.8,256.032,12.17,8730.16
2020-04-28,2863.39,0.62,14.8,256.032,12.4,8607.73
2020-04-29,2939.51,0.63,14.8,256.032,15.04,8914.71
2020-04-30,2912.43,0.64,14.8,256.032,19.23,8889.55
2020-05-01,2830.71,0.64,13.2,255.802,19.72,8604.95
2020-05-04,2842.74,0.64,13.2,255.802,20.47,8710.71
2020-05-05,2868.44,0.66,13.2,255.802,24.56,8809.12
2020-05-06,2848.42,0.72,13.2,255.802,23.88,8854.39
2020-05-07,2881.19,0.63,13.2,255.802,23.68,8979.66
2020-05-08,2929.8,0.69,13.2,255.802,24.73,9121.32
2020-05-11,2930.32,0.73,13.2,255.802,24.02,9192.34
2020-05-12,2870.12,0.69,13.2,255.802,25.76,9002.55
2020-05-13,2820.0,0.64,13.2,255.802,25.37,8863.17
2020-05-14,2852.5,0.63,13.2,255.802,27.4,8943.72
2020-05-15,2863.7,0.64,13.2,255.802,29.44,9014.56
2020-05-18,2953.91,0.73,13.2,255.802,31.83,9234.83
2020-05-19,2922.94,0.7,13.2,255.802,32.3,9185.1
2020-05-20,2971.61,0.68,13.2,255.802,33.56,9375.78
2020-05-21,2948.51,0.68,13.2,255.802,34.3,9284.88
2020-05-22,2955.45,0.66,13.2,255.802,33.49,9324.59
2020-05-25,2955.45,0.66,13.2,255.802,33.49,9324.59
2020-05-26,2991.77,0.69,13.2,255.802,34.7,9340.22
2020-05-27,3036.13,0.68,13.2,255.802,32.8,9412.36
2020-05-28,3029.73,0.7,13.2,255.802,33.67,9368.99
2020-05-29,3044.31,0.65,13.2,255.802,35.57,9489.87
2020-06-01,3055.73,0.66,11.0,257.042,35.49,9552.05
2020-06-02,3080.82,0.68,11.0,257.042,36.88,9608.37
2020-06-03,3122.87,0.77,11.0,257.042,37.33,9682.91
2020-06-04,3112.35,0.82,11.0,257.042,37.42,9615.81
2020-06-05,3193.93,0.91,11.0,257.042,39.49,9814.08
2020-06-08,3232.39,0.88,11.0,257.042,38.17,9924.74
2020-06-09,3207.18,0.84,11.0,257.042,38.98,9953.75
2020-06-10,3190.14,0.75,11.0,257.042,39.54,10020.35
2020-06-11,3002.1,0.66,11.0,257.042,36.43,9492.73
2020-06-12,3041.31,0.71,11.0,257.042,36.24,9588.81
2020-06-15,3066.59,0.71,11.0,257.042,37.07,9726.02
2020-06-16,3124.74,0.75,11.0,257.042,38.26,9895.87
2020-06-17,3113.49,0.74,11.0,257.042,37.91,9910.53
2020-06-18,3115.34,0.71,11.0,257.042,38.79,9943.05
2020-06-19,3097.74,0.7,11.0,257.042,39.72,9946.12
2020-06-22,3117.86,0.71,11.0,257.042,40.6,10056.47
2020-06-23,3131.29,0.72,11.0,257.042,40.4,10131.37
2020-06-24,3050.33,0.69,11.0,257.042,37.91,9909.17
2020-06-25,3083.76,0.68,11.0,257.042,38.66,10017.0
2020-06-26,3009.05,0.64,11.0,257.042,38.53,9757.22
2020-06-29,3053.24,0.64,11.0,257.042,39.67,9874.15
2020-06-30,3100.29,0.66,11.0,257.042,39.27,10058.77
2020-07-01,3115.86,0.69,10.2,258.352,39.88,10154.63
2020-07-02,3130.01,0.68,10.2,258.352,40.57,10207.63
2020-07-03,3130.01,0.68,10.2,258.352,40.57,10207.63
2020-07-06,3179.72,0.69,10.2,258.352,40.51,10433.65
2020-07-07,3145.32,0.65,10.2,258.352,40.59,10343.89
2020-07-08,3169.94,0.67,10.2,258.352,40.91,10492.5
2020-07-09,3152.05,0.62,10.2,258.352,39.64,10547.75
2020-07-10,3185.04,0.65,10.2,258.352,40.56,10617.44
2020-07-13,3155.22,0.64,10.2,258.352,40.06,10390.84
2020-07-14,3197.52,0.63,10.2,258.352,40.3,10488.58
2020-07-15,3226.56,0.64,10.2,258.352,41.2,10550.49
2020-07-16,3215.57,0.62,10.2,258.352,40.74,10473.83
2020-07-17,3224.73,0.64,10.2,258.352,40.55,10503.19
2020-07-20,3251.84,0.62,10.2,258.352,40.83,10767.09
2020-07-21,3257.3,0.61,10.2,258.352,41.76,10680.36
2020-07-22,3276.02,0.6,10.2,258.352,41.88,10706.13
2020-07-23,3235.66,0.59,10.2,258.352,40.99,10461.42
2020-07-24,3215.63,0.59,10.2,258.352,41.23,10363.18
2020-07-27,3239.41,0.62,10.2,258.352,41.46,10536.27
2020-07-28,3218.44,0.59,10.2,258.352,40.89,10402.09
2020-07-29,3258.44,0.58,10.2,258.352,41.13,10542.94
2020-07-30,3246.22,0.55,10.2,258.352,39.85,10587.81
2020-07-31,3271.12,0.55,10.2,258.352,40.1,10745.27
2020-08-01,3271.12,0.55,8.4,259.316,40.1,10745.27
2020-08-03,3294.61,0.56,8.4,259.316,40.83,10902.8
2020-08-04,3306.51,0.52,8.4,259.316,41.67,10941.17
2020-08-05,3327.77,0.55,8.4,259.316,42.25,10998.4
2020-08-06,3349.16,0.55,8.4,259.316,41.93,11108.07
2020-08-07,3351.28,0.57,8.4,259.316,41.16,11010.98
2020-08-10,3360.47,0.59,8.4,259.316,41.94,10968.36
2020-08-11,3333.69,0.64,8.4,259.316,41.53,10782.82
2020-08-12,3380.35,0.69,8.4,259.316,42.6,11012.24
2020-08-13,3373.43,0.71,8.4,259.316,42.26,11042.5
2020-08-14,3372.85,0.71,8.4,259.316,42.05,11019.3
2020-08-17,3381.99,0.69,8.4,259.316,42.89,11129.73
2020-08-18,3389.78,0.67,8.4,259.316,42.89,11210.84
2020-08-19,3374.85,0.68,8.4,259.316,42.91,11146.46
2020-08-20,3385.51,0.65,8.4,259.316,42.62,11264.95
2020-08-21,3397.16,0.64,8.4,259.316,42.32,11311.8
2020-08-24,3431.28,0.65,8.4,259.316,42.44,11379.72
2020-08-25,3443.62,0.69,8.4,259.316,43.17,11466.47
2020-08-26,3478.73,0.69,8.4,259.316,43.21,11665.06
2020-08-27,3484.55,0.74,8.4,259.316,42.88,11625.34
2020-08-28,3508.01,0.74,8.4,259.316,42.96,11695.63
2020-08-31,3500.31,0.72,8.4,259.316,42.61,11775.46
2020-09-01,3526.65,0.68,7.8,259.997,42.76,11939.67
2020-09-02,3580.84,0.66,7.8,259.997,42.76,12056.44
2020-09-03,3455.06,0.63,7.8,259.997,41.39,11458.1
2020-09-04,3426.96,0.72,7.8,259.997,39.69,11313.13
2020-09-07,3426.96,0.72,7.8,259.997,39.69,11313.13
2020-09-08,3331.84,0.69,7.8,259.997,36.87,10847.69
2020-09-09,3398.96,0.71,7.8,259.997,38.05,11141.56
2020-09-10,3339.19,0.68,7.8,259.997,37.25,10919.59
2020-09-11,3340.97,0.67,7.8,259.997,37.33,10853.55
2020-09-14,3383.54,0.68,7.8,259.997,37.23,11056.65
2020-09-15,3401.2,0.68,7.8,259.997,38.29,11190.32
2020-09-16,3385.49,0.69,7.8,259.997,40.17,11050.47
2020-09-17,3357.01,0.69,7.8,259.997,40.99,10910.28
2020-09-18,3319.47,0.7,7.8,259.997,41.09,10793.28
2020-09-21,3281.06,0.68,7.8,259.997,39.26,10778.94
2020-09-22,3315.57,0.68,7.8,259.997,39.55,10963.77
2020-09-23,3236.92,0.68,7.8,259.997,39.92,10633.15
2020-09-24,3246.59,0.67,7.8,259.997,40.11,10672.43
2020-09-25,3298.46,0.66,7.8,259.997,40.06,10913.73
2020-09-28,3351.6,0.67,7.8,259.997,40.47,11117.7
2020-09-29,3335.47,0.66,7.8,259.997,39.03,11085.42
2020-09-30,3363.0,0.69,7.8,259.997,40.05,11167.68
2020-10-01,3380.8,0.68,6.9,260.319,38.51,11326.61
2020-10-02,3348.44,0.7,6.9,260.319,36.9,11075.11
2020-10-05,3408.63,0.78,6.9,260.319,39.12,11332.58
2020-10-06,3360.95,0.76,6.9,260.319,40.52,11154.7
2020-10-07,3419.45,0.81,6.9,260.319,39.82,11364.7
2020-10-08,3446.83,0.78,6.9,260.319,41.04,11421.08
2020-10-09,3477.13,0.79,6.9,260.319,40.44,11580.05
2020-10-12,3534.22,0.79,6.9,260.319,39.22,11876.36
2020-10-13,3511.93,0.74,6.9,260.319,40.03,11864.0
2020-10-14,3488.67,0.73,6.9,260.319,40.86,11768.83
2020-10-15,3483.34,0.74,6.9,260.319,40.84,11713.97
2020-10-16,3483.81,0.76,6.9,260.319,40.7,11671.66
2020-10-19,3426.92,0.78,6.9,260.319,40.69,11478.98
2020-10-20,3443.12,0.81,6.9,260.319,41.37,11516.49
2020-10-21,3435.56,0.83,6.9,260.319,39.88,11484.69
2020-10-22,3453.49,0.87,6.9,260.319,40.46,11506.01
2020-10-23,3465.39,0.85,6.9,260.319,39.73,11548.28
2020-10-26,3400.97,0.81,6.9,260.319,38.39,11358.94
2020-10-27,3390.68,0.79,6.9,260.319,39.34,11431.35
2020-10-28,3271.03,0.79,6.9,260.319,37.27,11004.87
2020-10-29,3310.11,0.85,6.9,260.319,35.94,11185.59
2020-10-30,3269.96,0.88,6.9,260.319,35.64,10911.59
2020-11-01,3269.96,0.88,6.7,260.911,35.64,10911.59
2020-11-02,3310.24,0.87,6.7,260.911,36.6,10957.61
2020-11-03,3369.16,0.9,6.7,260.911,37.44,11160.57
2020-11-04,3443.44,0.78,6.7,260.911,38.97,11590.78
2020-11-05,3510.45,0.79,6.7,260.911,38.56,11890.93
2020-11-06,3509.44,0.83,6.7,260.911,36.97,11895.23
2020-11-09,3550.5,0.96,6.7,260.911,40.05,11713.78
2020-11-10,3545.53,0.98,6.7,260.911,41.18,11553.86
2020-11-11,3572.66,0.98,6.7,260.911,41.23,11786.43
2020-11-12,3537.01,0.88,6.7,260.911,40.9,11709.59
2020-11-13,3585.15,0.89,6.7,260.911,39.93,11829.29
2020-11-16,3626.91,0.91,6.7,260.911,41.14,11924.13
2020-11-17,3609.53,0.87,6.7,260.911,41.24,11899.34
2020-11-18,3567.79,0.88,6.7,260.911,41.64,11801.6
2020-11-19,3581.87,0.86,6.7,260.911,41.57,11904.71
2020-11-20,3557.54,0.83,6.7,260.911,41.99,11854.97
2020-11-23,3577.59,0.86,6.7,260.911,42.91,11881.17
2020-11-24,3635.41,0.88,6.7,260.911,44.71,12037.33
2020-11-25,3629.65,0.88,6.7,260.911,45.58,12094.4
2020-11-26,3629.65,0.88,6.7,260.911,45.58,12094.4
2020-11-27,3638.35,0.84,6.7,260.911,45.58,12205.85
2020-11-30,3621.63,0.84,6.7,260.911,45.2,12198.74
2020-12-01,3662.45,0.92,6.7,262.045,44.54,12355.11
2020-12-02,3669.01,0.95,6.7,262.045,45.23,12349.37
2020-12-03,3666.72,0.92,6.7,262.045,45.65,12377.18
2020-12-04,3699.12,0.97,6.7,262.045,46.23,12464.23
2020-12-07,3691.96,0.94,6.7,262.045,45.72,12519.95
2020-12-08,3702.25,0.92,6.7,262.045,45.64,12582.77
2020-12-09,3672.82,0.95,6.7,262.045,45.48,12338.95
2020-12-10,3668.1,0.92,6.7,262.045,46.76,12405.81
2020-12-11,3663.46,0.9,6.7,262.045,46.59,12377.87
2020-12-14,3647.49,0.9,6.7,262.045,47.02,12440.04
2020-12-15,3694.62,0.92,6.7,262.045,47.58,12595.06
2020-12-16,3701.17,0.92,6.7,262.045,47.86,12658.19
2020-12-17,3722.48,0.94,6.7,262.045,48.34,12764.75
2020-12-18,3709.41,0.95,6.7,262.045,49.04,12755.64
2020-12-21,3694.92,0.95,6.7,262.045,47.79,12742.52
2020-12-22,3687.26,0.93,6.7,262.045,47.02,12807.92
2020-12-23,3690.01,0.96,6.7,262.045,47.94,12771.11
2020-12-24,3703.06,0.94,6.7,262.045,48.18,12804.73
2020-12-25,3703.06,0.94,6.7,262.045,48.18,12804.73
2020-12-28,3735.36,0.94,6.7,262.045,47.5,12899.42
2020-12-29,3727.04,0.94,6.7,262.045,47.85,12850.22
2020-12-30,3732.04,0.93,6.7,262.045,48.24,12870.0
2020-12-31,3756.07,0.93,6.7,262.045,48.35,12888.28
2021-01-01,3756.07,0.93,6.4,262.639,48.35,12888.28
2021-01-04,3700.65,0.93,6.4,262.639,47.47,12698.45
2021-01-05,3726.86,0.96,6.4,262.639,49.78,12818.96
2021-01-06,3748.14,1.04,6.4,262.639,50.45,12740.79
2021-01-07,3803.79,1.08,6.4,262.639,50.63,13067.48
2021-01-08,3824.68,1.13,6.4,262.639,52.14,13201.98
2021-01-11,3799.61,1.15,6.4,262.639,52.15,13036.43
2021-01-12,3801.19,1.15,6.4,262.639,53.08,13072.43
2021-01-13,3809.84,1.1,6.4,262.639,52.81,13128.95
2021-01-14,3795.54,1.15,6.4,262.639,53.47,13112.64
2021-01-15,3768.25,1.11,6.4,262.639,52.25,12998.5
2021-01-18,3768.25,1.11,6.4,262.639,52.25,12998.5
2021-01-19,3798.91,1.1,6.4,262.639,52.87,13197.18
2021-01-20,3851.85,1.1,6.4,262.639,53.16,13457.25
2021-01-21,3853.07,1.12,6.4,262.639,53.0,13530.91
2021-01-22,3841.47,1.1,6.4,262.639,52.28,13543.06
2021-01-25,3855.36,1.05,6.4,262.639,52.78,13635.99
2021-01-26,3849.62,1.05,6.4,262.639,52.61,13626.06
2021-01-27,3750.77,1.04,6.4,262.639,52.81,13270.6
2021-01-28,3787.38,1.07,6.4,262.639,52.26,13337.16
2021-01-29,3714.24,1.11,6.4,262.639,52.16,13070.69
2021-02-01,3773.86,1.09,6.2,263.573,53.55,13403.39
2021-02-02,3826.31,1.12,6.2,263.573,54.77,13612.78
2021-02-03,3830.17,1.15,6.2,263.573,55.67,13610.54
2021-02-04,3871.74,1.15,6.2,263.573,56.19,13777.74
2021-02-05,3886.83,1.19,6.2,263.573,56.8,13856.3
2021-02-08,3915.59,1.19,6.2,263.573,57.95,13987.64
2021-02-09,3911.23,1.18,6.2,263.573,58.34,14007.7
2021-02-10,3909.88,1.15,6.2,263.573,58.69,13972.53
2021-02-11,3916.38,1.16,6.2,263.573,58.22,14025.77
2021-02-12,3934.83,1.2,6.2,263.573,59.5,14095.47
2021-02-15,3934.83,1.2,6.2,263.573,59.5,14095.47
2021-02-16,3932.59,1.3,6.2,263.573,60.07,14047.5
2021-02-17,3931.33,1.29,6.2,263.573,61.09,13965.5
2021-02-18,3913.97,1.29,6.2,263.573,60.4,13865.36
2021-02-19,3906.71,1.34,6.2,263.573,59.12,13874.47
2021-02-22,3876.5,1.37,6.2,263.573,61.67,13533.05
2021-02-23,3881.37,1.37,6.2,263.573,61.66,13465.2
2021-02-24,3925.43,1.38,6.2,263.573,63.21,13597.97
2021-02-25,3829.34,1.54,6.2,263.573,63.43,13119.43
2021-02-26,3811.15,1.44,6.2,263.573,61.55,13192.35
2021-03-01,3901.82,1.45,6.1,264.847,60.54,13588.83
2021-03-02,3870.29,1.42,6.1,264.847,59.7,13358.79
2021-03-03,3819.72,1.47,6.1,264.847,61.33,12997.75
2021-03-04,3768.47,1.54,6.1,264.847,63.81,12723.47
2021-03-05,3841.94,1.56,6.1,264.847,66.08,12920.15
2021-03-08,3821.35,1.59,6.1,264.847,65.03,12609.16
2021-03-09,3875.44,1.55,6.1,264.847,64.02,13073.82
2021-03-10,3898.81,1.53,6.1,264.847,64.45,13068.83
2021-03-11,3939.34,1.54,6.1,264.847,66.02,13398.67
2021-03-12,3943.34,1.64,6.1,264.847,65.59,13319.86
2021-03-15,3968.94,1.62,6.1,264.847,65.36,13459.71
2021-03-16,3962.71,1.62,6.1,264.847,64.82,13471.57
2021-03-17,3974.12,1.63,6.1,264.847,64.55,13525.2
2021-03-18,3915.46,1.71,6.1,264.847,59.95,13116.17
2021-03-19,3913.1,1.74,6.1,264.847,61.43,13215.24
2021-03-22,3940.59,1.69,6.1,264.847,61.48,13377.54
2021-03-23,3910.52,1.63,6.1,264.847,57.75,13227.7
2021-03-24,3889.14,1.62,6.1,264.847,61.12,12961.89
2021-03-25,3909.52,1.63,6.1,264.847,58.47,12977.68
2021-03-26,3974.54,1.67,6.1,264.847,60.93,13138.72
2021-03-29,3971.09,1.73,6.1,264.847,61.49,13059.65
2021-03-30,3958.55,1.73,6.1,264.847,60.55,13045.39
2021-03-31,3972.89,1.74,6.1,264.847,59.19,13246.87
2021-04-01,4019.87,1.69,6.1,266.625,61.41,13480.11
2021-04-02,4019.87,1.72,6.1,266.625,61.41,13480.11
2021-04-05,4077.91,1.73,6.1,266.625,58.73,13705.59
2021-04-06,4073.94,1.67,6.1,266.625,59.34,13698.38
2021-04-07,4079.95,1.68,6.1,266.625,59.77,13688.84
2021-04-08,4097.17,1.64,6.1,266.625,59.61,13829.31
2021-04-09,4128.8,1.67,6.1,266.625,59.29,13900.19
2021-04-12,4127.99,1.69,6.1,266.625,59.7,13850.0
2021-04-13,4141.59,1.64,6.1,266.625,60.2,13996.1
2021-04-14,4124.66,1.64,6.1,266.625,63.15,13857.84
2021-04-15,4170.42,1.56,6.1,266.625,63.42,14038.76
2021-04-16,4185.47,1.59,6.1,266.625,63.16,14052.34
2021-04-19,4163.26,1.61,6.1,266.625,63.33,13914.77
2021-04-20,4134.94,1.58,6.1,266.625,62.61,13786.27
2021-04-21,4173.42,1.57,6.1,266.625,61.34,13950.22
2021-04-22,4134.98,1.57,6.1,266.625,61.45,13818.41
2021-04-23,4180.17,1.58,6.1,266.625,62.18,14016.81
2021-04-26,4187.62,1.58,6.1,266.625,62.02,14138.78
2021-04-27,4186.72,1.63,6.1,266.625,63.03,14090.22
2021-04-28,4183.18,1.63,6.1,266.625,63.81,14051.03
2021-04-29,4211.47,1.65,6.1,266.625,65.0,14082.55
2021-04-30,4181.17,1.65,6.1,266.625,63.5,13962.68
2021-05-01,4181.17,1.65,5.8,268.404,63.5,13962.68
2021-05-03,4192.66,1.63,5.8,268.404,64.46,13895.12
2021-05-04,4164.66,1.61,5.8,268.404,65.72,13633.5
2021-05-05,4167.59,1.59,5.8,268.404,65.63,13582.42
2021-05-06,4201.62,1.58,5.8,268.404,64.73,13632.84
2021-05-07,4232.6,1.6,5.8,268.404,64.96,13752.24
2021-05-10,4188.43,1.63,5.8,268.404,64.92,13401.86
2021-05-11,4152.1,1.64,5.8,268.404,65.31,13389.43
2021-05-12,4063.04,1.69,5.8,268.404,65.96,13031.68
2021-05-13,4112.5,1.66,5.8,268.404,63.82,13124.99
2021-05-14,4173.85,1.63,5.8,268.404,65.32,13429.98
2021-05-17,4163.29,1.64,5.8,268.404,66.24,13379.05
2021-05-18,4127.83,1.64,5.8,268.404,65.49,13303.64
2021-05-19,4115.68,1.68,5.8,268.404,63.28,13299.74
2021-05-20,4159.12,1.63,5.8,268.404,61.95,13535.74
2021-05-21,4155.86,1.63,5.8,268.404,63.61,13470.99
2021-05-24,4197.05,1.61,5.8,268.404,66.13,13661.17
2021-05-25,4188.13,1.56,5.8,268.404,66.27,13657.17
2021-05-26,4195.99,1.58,5.8,268.404,66.41,13738.0
2021-05-27,4200.88,1.61,5.8,268.404,66.87,13736.28
2021-05-28,4204.11,1.58,5.8,268.404,66.31,13748.74
2021-05-31,4204.11,1.58,5.8,268.404,66.31,13748.74
2021-06-01,4202.04,1.62,5.9,270.71,67.8,13736.48
2021-06-02,4208.12,1.59,5.9,270.71,68.79,13756.33
2021-06-03,4192.85,1.63,5.9,270.71,68.81,13614.51
2021-06-04,4229.89,1.56,5.9,270.71,69.57,13814.49
2021-06-07,4226.52,1.57,5.9,270.71,69.21,13881.72
2021-06-08,4227.26,1.53,5.9,270.71,70.11,13924.91
2021-06-09,4219.55,1.5,5.9,270.71,69.9,13911.75
2021-06-10,4239.18,1.45,5.9,270.71,70.34,14020.33
2021-06-11,4247.44,1.47,5.9,270.71,71.0,14069.42
2021-06-14,4255.15,1.51,5.9,270.71,70.94,14174.14
2021-06-15,4246.59,1.51,5.9,270.71,72.06,14072.86
2021-06-16,4223.7,1.57,5.9,270.71,72.03,14039.68
2021-06-17,4221.86,1.52,5.9,270.71,71.06,14161.35
2021-06-18,4166.45,1.45,5.9,270.71,71.64,14030.38
2021-06-21,4224.79,1.5,5.9,270.71,73.64,14141.48
2021-06-22,4246.44,1.48,5.9,270.71,73.15,14253.27
2021-06-23,4241.84,1.5,5.9,270.71,73.11,14271.73
2021-06-24,4266.49,1.49,5.9,270.71,73.31,14369.71
2021-06-25,4280.7,1.54,5.9,270.71,74.21,14360.39
2021-06-28,4290.61,1.49,5.9,270.71,72.98,14500.51
2021-06-29,4291.8,1.49,5.9,270.71,73.14,14528.33
2021-06-30,4297.5,1.45,5.9,270.71,73.52,14503.95
2021-07-01,4319.94,1.48,5.4,271.965,75.33,14522.38
2021-07-02,4352.34,1.44,5.4,271.965,75.37,14639.33
2021-07-05,4352.34,1.44,5.4,271.965,75.37,14639.33
2021-07-06,4343.54,1.37,5.4,271.965,73.62,14663.64
2021-07-07,4358.13,1.33,5.4,271.965,72.22,14665.06
2021-07-08,4320.82,1.3,5.4,271.965,72.98,14559.78
2021-07-09,4369.55,1.37,5.4,271.965,74.56,14701.92
2021-07-12,4384.63,1.38,5.4,271.965,74.21,14733.24
2021-07-13,4369.21,1.42,5.4,271.965,75.24,14677.65
2021-07-14,4374.3,1.37,5.4,271.965,73.06,14644.95
2021-07-15,4360.03,1.31,5.4,271.965,71.67,14543.13
2021-07-16,4327.16,1.31,5.4,271.965,71.76,14427.24
2021-07-19,4258.49,1.19,5.4,271.965,66.45,14274.98
2021-07-20,4323.06,1.23,5.4,271.965,67.32,14498.88
2021-07-21,4358.69,1.3,5.4,271.965,70.26,14631.95
2021-07-22,4367.48,1.27,5.4,271.965,72.15,14684.6
2021-07-23,4411.79,1.3,5.4,271.965,72.24,14836.99
2021-07-26,4422.3,1.29,5.4,271.965,72.15,14840.71
2021-07-27,4401.46,1.25,5.4,271.965,71.68,14660.58
2021-07-28,4400.64,1.26,5.4,271.965,72.37,14762.58
2021-07-29,4419.15,1.28,5.4,271.965,73.62,14778.26
2021-07-30,4395.26,1.24,5.4,271.965,73.93,14672.68
2021-08-01,4395.26,1.24,5.1,272.752,73.93,14672.68
2021-08-02,4387.16,1.2,5.1,272.752,71.31,14681.07
2021-08-03,4423.15,1.19,5.1,272.752,70.64,14761.29
2021-08-04,4402.66,1.19,5.1,272.752,68.19,14780.53
2021-08-05,4429.1,1.23,5.1,272.752,69.1,14895.12
2021-08-06,4436.52,1.31,5.1,272.752,68.26,14835.76
2021-08-09,4432.35,1.33,5.1,272.752,66.56,14860.18
2021-08-10,4436.75,1.36,5.1,272.752,68.33,14788.09
2021-08-11,4447.7,1.35,5.1,272.752,69.3,14765.14
2021-08-12,4460.83,1.36,5.1,272.752,69.12,14816.26
2021-08-13,4468.0,1.29,5.1,272.752,68.36,14822.9
2021-08-16,4479.71,1.26,5.1,272.752,67.44,14793.76
2021-08-17,4448.08,1.26,5.1,272.752,66.5,14656.18
2021-08-18,4400.27,1.27,5.1,272.752,65.36,14525.91
2021-08-19,4405.8,1.24,5.1,272.752,63.69,14541.79
2021-08-20,4441.67,1.26,5.1,272.752,62.25,14714.66
2021-08-23,4479.53,1.25,5.1,272.752,65.65,14942.65
2021-08-24,4486.23,1.29,5.1,272.752,67.5,15019.8
2021-08-25,4496.19,1.35,5.1,272.752,68.54,15041.86
2021-08-26,4470.0,1.34,5.1,272.752,67.42,14945.81
2021-08-27,4509.37,1.31,5.1,272.752,68.84,15129.5
2021-08-30,4528.79,1.29,5.1,272.752,69.28,15265.89
2021-08-31,4522.68,1.3,5.1,272.752,68.43,15259.24
2021-09-01,4524.09,1.31,4.7,273.942,68.63,15309.38
2021-09-02,4536.95,1.29,4.7,273.942,70.07,15331.18
2021-09-03,4535.43,1.33,4.7,273.942,69.34,15363.52
2021-09-06,4535.43,1.33,4.7,273.942,69.34,15363.52
2021-09-07,4520.03,1.38,4.7,273.942,68.49,15374.33
2021-09-08,4514.07,1.35,4.7,273.942,69.36,15286.64
2021-09-09,4493.28,1.3,4.7,273.942,68.26,15248.25
2021-09-10,4458.58,1.35,4.7,273.942,69.82,15115.49
2021-09-13,4468.73,1.33,4.7,273.942,70.54,15105.58
2021-09-14,4443.05,1.28,4.7,273.942,70.53,15037.76
2021-09-15,4480.7,1.31,4.7,273.942,72.59,15161.53
2021-09-16,4473.75,1.34,4.7,273.942,72.69,15181.92
2021-09-17,4432.99,1.37,4.7,273.942,72.09,15043.97
2021-09-20,4357.73,1.31,4.7,273.942,70.41,14713.9
2021-09-21,4354.19,1.33,4.7,273.942,70.51,14746.4
2021-09-22,4395.64,1.32,4.7,273.942,72.37,14896.85
2021-09-23,4448.98,1.41,4.7,273.942,73.43,15052.24
2021-09-24,4455.48,1.47,4.7,273.942,74.18,15047.7
2021-09-27,4443.11,1.48,4.7,273.942,75.54,14969.97
2021-09-28,4352.63,1.54,4.7,273.942,75.44,14546.68
2021-09-29,4359.46,1.55,4.7,273.942,75.06,14512.44
2021-09-30,4307.54,1.52,4.7,273.942,75.22,14448.58
2021-10-01,4357.04,1.48,4.5,276.528,76.01,14566.7
2021-10-04,4300.46,1.49,4.5,276.528,77.68,14255.48
2021-10-05,4345.72,1.54,4.5,276.528,79.17,14433.83
2021-10-06,4363.55,1.53,4.5,276.528,77.66,14501.91
2021-10-07,4399.76,1.58,4.5,276.528,78.46,14654.02
2021-10-08,4391.34,1.61,4.5,276.528,79.55,14579.54
2021-10-11,4361.19,1.61,4.5,276.528,80.64,14486.2
2021-10-12,4350.65,1.59,4.5,276.528,80.75,14465.92
2021-10-13,4363.8,1.56,4.5,276.528,80.67,14571.64
2021-10-14,4438.26,1.52,4.5,276.528,81.43,14823.43
2021-10-15,4471.37,1.59,4.5,276.528,82.39,14897.34
2021-10-18,4486.46,1.59,4.5,276.528,82.62,15021.81
2021-10-19,4519.63,1.65,4.5,276.528,83.19,15129.09
2021-10-20,4536.19,1.65,4.5,276.528,84.4,15121.68
2021-10-21,4549.78,1.68,4.5,276.528,82.64,15215.7
2021-10-22,4544.9,1.66,4.5,276.528,84.53,15090.2
2021-10-25,4566.48,1.64,4.5,276.528,84.64,15226.71
2021-10-26,4574.79,1.63,4.5,276.528,85.64,15235.71
2021-10-27,4551.68,1.54,4.5,276.528,82.66,15235.84
2021-10-28,4596.42,1.57,4.5,276.528,82.78,15448.12
2021-10-29,4605.38,1.55,4.5,276.528,83.5,15498.39
2021-11-01,4613.67,1.58,4.1,278.824,84.08,15595.92
2021-11-02,4630.65,1.56,4.1,278.824,83.91,15649.6
2021-11-03,4660.57,1.6,4.1,278.824,80.82,15811.58
2021-11-04,4680.06,1.53,4.1,278.824,78.88,15940.31
2021-11-05,4697.53,1.45,4.1,278.824,81.25,15971.59
2021-11-08,4701.7,1.51,4.1,278.824,81.96,15982.36
2021-11-09,4685.25,1.46,4.1,278.824,84.12,15886.54
2021-11-10,4646.71,1.56,4.1,278.824,81.23,15622.71
2021-11-11,4649.27,1.56,4.1,278.824,81.47,15704.28
2021-11-12,4682.85,1.58,4.1,278.824,80.87,15860.96
2021-11-15,4682.8,1.63,4.1,278.824,80.85,15853.85
2021-11-16,4700.9,1.63,4.1,278.824,80.76,15973.86
2021-11-17,4688.67,1.6,4.1,278.824,78.32,15921.57
2021-11-18,4704.54,1.59,4.1,278.824,78.92,15993.71
2021-11-19,4697.96,1.54,4.1,278.824,76.11,16057.44
2021-11-22,4682.94,1.63,4.1,278.824,76.74,15854.76
2021-11-23,4690.7,1.67,4.1,278.824,78.32,15775.14
2021-11-24,4701.46,1.64,4.1,278.824,78.32,15845.23
2021-11-25,4701.46,1.64,4.1,278.824,78.32,15845.23
2021-11-26,4594.62,1.48,4.1,278.824,78.32,15491.66
2021-11-29,4655.27,1.52,4.1,278.824,69.88,15782.83
2021-11-30,4567.0,1.43,4.1,278.824,66.14,15537.69
2021-12-01,4513.04,1.43,3.9,280.806,65.44,15254.05
2021-12-02,4577.1,1.44,3.9,280.806,66.6,15381.32
2021-12-03,4538.43,1.35,3.9,280.806,66.39,15085.47
2021-12-06,4591.67,1.43,3.9,280.806,69.62,15225.15
2021-12-07,4686.75,1.48,3.9,280.806,71.94,15686.92
2021-12-08,4701.21,1.52,3.9,280.806,72.43,15786.99
2021-12-09,4667.45,1.49,3.9,280.806,70.87,15517.37
2021-12-10,4712.02,1.48,3.9,280.806,71.71,15630.6
2021-12-13,4668.97,1.42,3.9,280.806,71.19,15413.28
2021-12-14,4634.09,1.44,3.9,280.806,70.57,15237.64
2021-12-15,4709.85,1.47,3.9,280.806,70.89,15565.58
2021-12-16,4668.67,1.44,3.9,280.806,72.34,15180.43
2021-12-17,4620.64,1.41,3.9,280.806,70.93,15169.68
2021-12-20,4568.02,1.43,3.9,280.806,68.69,14980.94
2021-12-21,4649.23,1.48,3.9,280.806,71.1,15341.09
2021-12-22,4696.56,1.46,3.9,280.806,72.82,15521.89
2021-12-23,4725.79,1.5,3.9,280.806,73.89,15653.37
2021-12-24,4725.79,1.5,3.9,280.806,73.89,15653.37
2021-12-27,4791.19,1.48,3.9,280.806,75.49,15871.26
2021-12-28,4786.35,1.49,3.9,280.806,76.01,15781.72
2021-12-29,4793.06,1.55,3.9,280.806,76.58,15766.22
2021-12-30,4778.73,1.52,3.9,280.806,76.83,15741.56
2021-12-31,4766.18,1.52,3.9,280.806,75.33,15644.97
2022-01-01,4766.18,1.52,4.0,282.542,75.33,15644.97
2022-01-03,4796.56,1.63,4.0,282.542,75.99,15832.8
2022-01-04,4793.54,1.66,4.0,282.542,77.0,15622.72
2022-01-05,4700.58,1.71,4.0,282.542,77.83,15100.17
2022-01-06,4696.05,1.73,4.0,282.542,79.47,15080.86
2022-01-07,4677.03,1.76,4.0,282.542,79.0,14935.9
2022-01-10,4670.29,1.78,4.0,282.542,78.11,14942.83
2022-01-11,4713.07,1.75,4.0,282.542,81.17,15153.45
2022-01-12,4726.35,1.74,4.0,282.542,82.51,15188.39
2022-01-13,4659.03,1.7,4.0,282.542,81.97,14806.81
2022-01-14,4662.85,1.78,4.0,282.542,83.82,14893.75
2022-01-17,4662.85,1.78,4.0,282.542,83.82,14893.75
2022-01-18,4577.11,1.87,4.0,282.542,85.42,14506.9
2022-01-19,4532.76,1.83,4.0,282.542,86.84,14340.26
2022-01-20,4482.73,1.83,4.0,282.542,86.29,14154.02
2022-01-21,4397.94,1.75,4.0,282.542,85.16,13768.92
2022-01-24,4410.13,1.75,4.0,282.542,84.48,13855.13
2022-01-25,4356.45,1.78,4.0,282.542,86.61,13539.29
2022-01-26,4349.93,1.85,4.0,282.542,88.33,13542.12
2022-01-27,4326.51,1.81,4.0,282.542,87.61,13352.78
2022-01-28,4431.85,1.78,4.0,282.542,87.67,13770.57
2022-01-31,4515.55,1.79,4.0,282.542,89.16,14239.88
2022-02-01,4546.54,1.81,3.9,284.525,88.22,14346.0
2022-02-02,4589.38,1.78,3.9,284.525,88.16,14417.55
2022-02-03,4477.44,1.82,3.9,284.525,90.17,13878.82
2022-02-04,4500.53,1.93,3.9,284.525,92.27,14098.01
2022-02-07,4483.87,1.92,3.9,284.525,91.25,14015.67
2022-02-08,4521.54,1.96,3.9,284.525,89.32,14194.45
2022-02-09,4587.18,1.94,3.9,284.525,89.57,14490.37
2022-02-10,4504.08,2.03,3.9,284.525,89.83,14185.64
2022-02-11,4418.64,1.92,3.9,284.525,93.1,13791.15
2022-02-14,4401.67,1.98,3.9,284.525,95.52,13790.92
2022-02-15,4471.07,2.05,3.9,284.525,92.07,14139.76
2022-02-16,4475.01,2.03,3.9,284.525,93.83,14124.09
2022-02-17,4380.26,1.97,3.9,284.525,91.78,13716.72
2022-02-18,4348.87,1.92,3.9,284.525,91.26,13548.07
2022-02-21,4348.87,1.92,3.9,284.525,91.26,13548.07
2022-02-22,4304.76,1.94,3.9,284.525,92.11,13381.52
2022-02-23,4225.5,1.99,3.9,284.525,92.14,13037.49
2022-02-24,4288.7,1.96,3.9,284.525,92.77,13473.59
2022-02-25,4384.65,1.97,3.9,284.525,91.68,13694.62
2022-02-28,4373.94,1.83,3.9,284.525,96.13,13751.4
2022-03-01,4306.26,1.72,3.7,287.467,103.66,13532.46
2022-03-02,4386.54,1.86,3.7,287.467,110.74,13752.02
2022-03-03,4363.49,1.86,3.7,287.467,107.69,13537.94
2022-03-04,4328.87,1.74,3.7,287.467,115.77,13313.44
2022-03-07,4201.09,1.78,3.7,287.467,119.26,12830.96
2022-03-08,4170.7,1.86,3.7,287.467,123.64,12795.55
2022-03-09,4277.88,1.94,3.7,287.467,108.81,13255.55
2022-03-10,4259.52,1.98,3.7,287.467,105.93,13129.96
2022-03-11,4204.31,2.0,3.7,287.467,109.31,12843.81
2022-03-14,4173.11,2.14,3.7,287.467,103.22,12581.22
2022-03-15,4262.45,2.15,3.7,287.467,96.42,12948.62
2022-03-16,4357.86,2.19,3.7,287.467,94.85,13436.55
2022-03-17,4411.67,2.2,3.7,287.467,102.97,13614.78
2022-03-18,4463.12,2.14,3.7,287.467,104.69,13893.84
2022-03-21,4461.18,2.32,3.7,287.467,112.14,13838.46
2022-03-22,4511.61,2.38,3.7,287.467,111.03,14108.82
2022-03-23,4456.24,2.32,3.7,287.467,114.89,13922.6
2022-03-24,4520.16,2.34,3.7,287.467,114.2,14191.84
2022-03-25,4543.06,2.48,3.7,287.467,116.2,14169.3
2022-03-28,4575.52,2.46,3.7,287.467,107.55,14354.9
2022-03-29,4631.6,2.41,3.7,287.467,104.25,14619.64
2022-03-30,4602.45,2.35,3.7,287.467,107.81,14442.27
2022-03-31,4530.41,2.32,3.7,287.467,100.53,14220.52
2022-04-01,4545.86,2.39,3.7,288.582,99.32,14261.5
2022-04-04,4582.64,2.42,3.7,288.582,103.29,14532.55
2022-04-05,4525.12,2.54,3.7,288.582,101.98,14204.17
2022-04-06,4481.15,2.61,3.7,288.582,96.39,13888.82
2022-04-07,4500.21,2.66,3.7,288.582,96.05,13897.3
2022-04-08,4488.28,2.72,3.7,288.582,98.35,13711.0
2022-04-11,4412.53,2.79,3.7,288.582,94.22,13411.96
2022-04-12,4397.45,2.72,3.7,288.582,100.52,13371.57
2022-04-13,4446.59,2.7,3.7,288.582,104.26,13643.59
2022-04-14,4392.59,2.83,3.7,288.582,106.84,13351.08
2022-04-15,4392.59,2.83,3.7,288.582,106.84,13351.08
2022-04-18,4391.69,2.85,3.7,288.582,108.24,13332.36
2022-04-19,4462.21,2.93,3.7,288.582,102.54,13619.66
2022-04-20,4459.45,2.85,3.7,288.582,102.56,13453.07
2022-04-21,4393.66,2.9,3.7,288.582,103.89,13174.65
2022-04-22,4271.78,2.9,3.7,288.582,102.86,12839.29
2022-04-25,4296.12,2.81,3.7,288.582,99.6,13004.85
2022-04-26,4175.2,2.77,3.7,288.582,102.62,12490.74
2022-04-27,4183.96,2.82,3.7,288.582,101.96,12488.93
2022-04-28,4287.5,2.85,3.7,288.582,105.47,12871.53
2022-04-29,4131.93,2.89,3.7,288.582,104.59,12334.64
2022-05-01,4131.93,2.89,3.6,291.299,104.59,12334.64
2022-05-02,4155.38,2.99,3.6,291.299,105.18,12536.02
2022-05-03,4175.48,2.97,3.6,291.299,102.53,12563.76
2022-05-04,4300.17,2.93,3.6,291.299,107.84,12964.86
2022-05-05,4146.87,3.05,3.6,291.299,108.17,12317.69
2022-05-06,4123.34,3.12,3.6,291.299,109.72,12144.66
2022-05-09,3991.24,3.05,3.6,291.299,103.08,11623.25
2022-05-10,4001.05,2.99,3.6,291.299,99.74,11737.67
2022-05-11,3935.18,2.91,3.6,291.299,105.5,11364.24
2022-05-12,3930.08,2.84,3.6,291.299,106.15,11370.96
2022-05-13,4023.89,2.93,3.6,291.299,110.52,11805.0
2022-05-16,4008.01,2.88,3.6,291.299,114.07,11662.79
2022-05-17,4088.85,2.98,3.6,291.299,112.31,11984.52
2022-05-18,3923.68,2.89,3.6,291.299,109.67,11418.15
2022-05-19,3900.79,2.84,3.6,291.299,112.21,11388.5
2022-05-20,3901.36,2.78,3.6,291.299,112.63,11354.62
2022-05-23,3973.75,2.86,3.6,291.299,110.32,11535.27
2022-05-24,3941.48,2.76,3.6,291.299,112.55,11264.45
2022-05-25,3978.73,2.75,3.6,291.299,112.88,11434.74
2022-05-26,4057.84,2.75,3.6,291.299,116.19,11740.65
2022-05-27,4158.24,2.74,3.6,291.299,114.96,12131.13
2022-05-30,4158.24,2.74,3.6,291.299,114.96,12131.13
2022-05-31,4132.15,2.85,3.6,291.299,114.38,12081.39
2022-06-01,4101.23,2.94,3.6,295.072,115.26,11994.46
2022-06-02,4176.82,2.92,3.6,295.072,116.88,12316.9
2022-06-03,4108.54,2.96,3.6,295.072,118.97,12012.73
2022-06-06,4121.43,3.04,3.6,295.072,118.41,12061.37
2022-06-07,4160.68,2.98,3.6,295.072,119.55,12175.23
2022-06-08,4115.77,3.03,3.6,295.072,121.94,12086.27
2022-06-09,4017.82,3.04,3.6,295.072,121.52,11754.23
2022-06-10,3900.86,3.15,3.6,295.072,120.73,11340.02
2022-06-13,3749.63,3.43,3.6,295.072,120.92,10809.23
2022-06-14,3735.48,3.49,3.6,295.072,118.92,10828.35
2022-06-15,3789.99,3.33,3.6,295.072,115.32,11099.15
2022-06-16,3666.77,3.28,3.6,295.072,117.56,10646.1
2022-06-17,3674.84,3.25,3.6,295.072,109.56,10798.35
2022-06-20,3674.84,3.25,3.6,295.072,109.56,10798.35
2022-06-21,3764.79,3.31,3.6,295.072,110.49,11069.3
2022-06-22,3759.89,3.16,3.6,295.072,106.22,11053.08
2022-06-23,3795.73,3.09,3.6,295.072,105.75,11232.19
2022-06-24,3911.74,3.13,3.6,295.072,109.07,11607.62
2022-06-27,3900.11,3.2,3.6,295.072,111.44,11524.55
2022-06-28,3821.55,3.2,3.6,295.072,113.66,11181.54
2022-06-29,3818.83,3.1,3.6,295.072,111.65,11177.89
2022-06-30,3785.38,2.98,3.6,295.072,107.76,11028.74
2022-07-01,3825.33,2.88,3.5,294.94,110.3,11127.85
2022-07-04,3825.33,2.88,3.5,294.94,110.3,11127.85
2022-07-05,3831.39,2.82,3.5,294.94,101.55,11322.24
2022-07-06,3845.08,2.93,3.5,294.94,100.31,11361.85
2022-07-07,3902.62,3.01,3.5,294.94,104.62,11621.35
2022-07-08,3899.38,3.09,3.5,294.94,106.78,11635.31
2022-07-11,3854.43,2.99,3.5,294.94,106.09,11372.6
2022-07-12,3818.8,2.96,3.5,294.94,97.69,11264.73
2022-07-13,3801.78,2.91,3.5,294.94,98.44,11247.58
2022-07-14,3790.38,2.96,3.5,294.94,97.79,11251.19
2022-07-15,3863.16,2.93,3.5,294.94,99.59,11452.42
2022-07-18,3830.85,2.96,3.5,294.94,104.48,11360.05
2022-07-19,3936.69,3.01,3.5,294.94,106.12,11713.15
2022-07-20,3959.9,3.04,3.5,294.94,104.45,11897.65
2022-07-21,3998.95,2.91,3.5,294.94,98.44,12059.61
2022-07-22,3961.63,2.77,3.5,294.94,97.71,11834.11
2022-07-25,3966.84,2.81,3.5,294.94,99.83,11782.67
2022-07-26,3921.05,2.81,3.5,294.94,97.74,11562.57
2022-07-27,4023.61,2.78,3.5,294.94,100.03,12032.42
2022-07-28,4072.43,2.68,3.5,294.94,99.11,12162.59
2022-07-29,4130.29,2.67,3.5,294.94,101.31,12390.69
2022-08-01,4118.63,2.6,3.6,295.162,96.59,12368.98
2022-08-02,4091.19,2.75,3.6,295.162,97.14,12348.76
2022-08-03,4155.17,2.73,3.6,295.162,93.25,12668.16
2022-08-04,4151.94,2.68,3.6,295.162,91.29,12720.58
2022-08-05,4145.19,2.83,3.6,295.162,91.77,12657.55
2022-08-08,4140.06,2.77,3.6,295.162,93.52,12644.46
2022-08-09,4122.47,2.8,3.6,295.162,93.18,12493.93
2022-08-10,4210.24,2.78,3.6,295.162,94.68,12854.8
2022-08-11,4207.27,2.87,3.6,295.162,97.02,12779.91
2022-08-12,4280.15,2.84,3.6,295.162,94.86,13047.19
2022-08-15,4297.14,2.79,3.6,295.162,92.24,13128.05
2022-08-16,4305.2,2.82,3.6,295.162,89.23,13102.55
2022-08-17,4274.04,2.89,3.6,295.162,90.85,12938.12
2022-08-18,4283.74,2.88,3.6,295.162,93.2,12965.34
2022-08-19,4228.48,2.98,3.6,295.162,93.55,12705.22
2022-08-22,4137.99,3.03,3.6,295.162,93.42,12381.57
2022-08-23,4128.73,3.05,3.6,295.162,96.46,12381.3
2022-08-24,4140.77,3.11,3.6,295.162,95.52,12431.53
2022-08-25,4199.12,3.03,3.6,295.162,93.33,12639.27
2022-08-26,4057.66,3.04,3.6,295.162,93.63,12141.71
2022-08-29,4030.61,3.12,3.6,295.162,97.4,12017.67
2022-08-30,3986.16,3.11,3.6,295.162,92.08,11883.14
2022-08-31,3955.0,3.15,3.6,295.162,90.09,11816.2
2022-09-01,3966.85,3.26,3.5,296.421,87.09,11785.13
2022-09-02,3924.26,3.2,3.5,296.421,87.29,11630.86
2022-09-05,3924.26,3.2,3.5,296.421,87.29,11630.86
2022-09-06,3908.19,3.33,3.5,296.421,87.35,11544.91
2022-09-07,3979.87,3.27,3.5,296.421,82.5,11791.9
2022-09-08,4006.18,3.29,3.5,296.421,84.04,11862.13
2022-09-09,4067.36,3.33,3.5,296.421,87.27,12112.31
2022-09-12,4110.41,3.37,3.5,296.421,88.18,12266.41
2022-09-13,3932.69,3.42,3.5,296.421,87.84,11633.57
2022-09-14,3946.01,3.41,3.5,296.421,88.88,11719.68
2022-09-15,3901.35,3.45,3.5,296.421,85.72,11552.36
2022-09-16,3873.33,3.45,3.5,296.421,85.57,11448.4
2022-09-19,3899.89,3.49,3.5,296.421,86.15,11535.02
2022-09-20,3855.93,3.57,3.5,296.421,84.69,11425.05
2022-09-21,3789.93,3.51,3.5,296.421,83.38,11220.19
2022-09-22,3757.99,3.7,3.5,296.421,84.02,11066.81
2022-09-23,3693.23,3.69,3.5,296.421,79.07,10867.93
2022-09-26,3655.04,3.88,3.5,296.421,77.17,10802.92
2022-09-27,3647.29,3.97,3.5,296.421,78.91,10829.5
2022-09-28,3719.04,3.72,3.5,296.421,82.61,11051.64
2022-09-29,3640.47,3.76,3.5,296.421,81.78,10737.51
2022-09-30,3585.62,3.83,3.5,296.421,79.91,10575.62
2022-10-01,3585.62,3.83,3.6,297.979,79.91,10575.62
2022-10-03,3678.43,3.67,3.6,297.979,84.05,10815.43
2022-10-04,3790.93,3.62,3.6,297.979,86.87,11176.41
2022-10-05,3783.28,3.76,3.6,297.979,88.22,11148.64
2022-10-06,3744.52,3.83,3.6,297.979,88.9,11073.31
2022-10-07,3639.66,3.89,3.6,297.979,93.07,10652.4
2022-10-10,3612.39,3.89,3.6,297.979,91.6,10542.1
2022-10-11,3588.84,3.93,3.6,297.979,89.75,10426.19
2022-10-12,3577.03,3.91,3.6,297.979,87.83,10417.1
2022-10-13,3669.91,3.97,3.6,297.979,89.59,10649.15
2022-10-14,3583.07,4.0,3.6,297.979,86.1,10321.39
2022-10-17,3677.95,4.02,3.6,297.979,86.0,10675.8
2022-10-18,3719.98,4.01,3.6,297.979,83.29,10772.4
2022-10-19,3695.16,4.14,3.6,297.979,86.0,10680.51
2022-10-20,3665.78,4.24,3.6,297.979,86.02,10614.84
2022-10-21,3752.75,4.21,3.6,297.979,85.47,10859.72
2022-10-24,3797.34,4.25,3.6,297.979,86.12,10952.61
2022-10-25,3859.11,4.1,3.6,297.979,86.93,11199.12
2022-10-26,3830.6,4.04,3.6,297.979,89.39,10970.99
2022-10-27,3807.3,3.96,3.6,297.979,89.06,10792.67
2022-10-28,3901.06,4.02,3.6,297.979,87.85,11102.45
2022-10-31,3871.98,4.1,3.6,297.979,86.54,10988.15
2022-11-01,3856.1,4.07,3.6,298.708,88.36,10890.85
2022-11-02,3759.69,4.1,3.6,298.708,90.06,10524.8
2022-11-03,3719.89,4.14,3.6,298.708,88.14,10342.94
2022-11-04,3770.55,4.17,3.6,298.708,92.58,10475.25
2022-11-07,3806.8,4.22,3.6,298.708,91.8,10564.52
2022-11-08,3828.11,4.14,3.6,298.708,88.8,10616.2
2022-11-09,3748.57,4.12,3.6,298.708,85.79,10353.17
2022-11-10,3956.37,3.82,3.6,298.708,86.52,11114.15
2022-11-11,3992.93,3.82,3.6,298.708,89.14,11323.33
2022-11-14,3957.25,3.88,3.6,298.708,85.85,11196.22
2022-11-15,3991.73,3.8,3.6,298.708,86.87,11358.41
2022-11-16,3958.79,3.67,3.6,298.708,85.62,11183.66
2022-11-17,3946.56,3.77,3.6,298.708,81.69,11144.96
2022-11-18,3965.34,3.82,3.6,298.708,80.07,11146.06
2022-11-21,3949.94,3.83,3.6,298.708,79.74,11024.51
2022-11-22,4003.58,3.76,3.6,298.708,80.83,11174.41
2022-11-23,4027.26,3.71,3.6,298.708,77.93,11285.32
2022-11-24,4027.26,3.71,3.6,298.708,77.93,11285.32
2022-11-25,4026.12,3.68,3.6,298.708,76.45,11226.36
2022-11-28,3963.94,3.69,3.6,298.708,77.1,11049.5
2022-11-29,3957.63,3.75,3.6,298.708,77.96,10983.78
2022-11-30,4080.11,3.68,3.6,298.708,80.48,11468.0
2022-12-01,4076.57,3.53,3.5,298.808,81.06,11482.45
2022-12-02,4071.7,3.51,3.5,298.808,79.86,11461.5
2022-12-05,3998.84,3.6,3.5,298.808,76.83,11239.94
2022-12-06,3941.26,3.51,3.5,298.808,74.21,11014.89
2022-12-07,3933.92,3.42,3.5,298.808,71.93,10958.55
2022-12-08,3963.51,3.48,3.5,298.808,71.3,11082.0
2022-12-09,3934.38,3.57,3.5,298.808,71.05,11004.62
2022-12-12,3990.56,3.61,3.5,298.808,72.96,11143.74
2022-12-13,4019.65,3.51,3.5,298.808,75.44,11256.81
2022-12-14,3995.32,3.49,3.5,298.808,77.14,11170.89
2022-12-15,3895.75,3.44,3.5,298.808,75.89,10810.53
2022-12-16,3852.36,3.48,3.5,298.808,74.19,10705.41
2022-12-19,3817.66,3.57,3.5,298.808,75.05,10546.03
2022-12-20,3821.62,3.69,3.5,298.808,75.92,10547.11
2022-12-21,3878.44,3.68,3.5,298.808,78.17,10709.37
2022-12-22,3822.39,3.67,3.5,298.808,77.68,10476.12
2022-12-23,3844.82,3.75,3.5,298.808,79.57,10497.86
2022-12-26,3844.82,3.75,3.5,298.808,79.57,10497.86
2022-12-27,3829.25,3.84,3.5,298.808,79.45,10353.23
2022-12-28,3783.22,3.88,3.5,298.808,78.89,10213.29
2022-12-29,3849.28,3.83,3.5,298.808,78.43,10478.09
2022-12-30,3839.5,3.88,3.5,298.808,80.16,10466.48
2023-01-01,3839.5,3.88,3.5,300.456,80.16,10466.48
2023-01-02,3839.5,3.88,3.5,300.456,80.16,10466.48
2023-01-03,3824.14,3.79,3.5,300.456,76.87,10386.98
2023-01-04,3852.97,3.69,3.5,300.456,72.82,10458.76
2023-01-05,3808.1,3.71,3.5,300.456,73.61,10305.24
2023-01-06,3895.08,3.55,3.5,300.456,73.77,10569.29
2023-01-09,3892.09,3.53,3.5,300.456,74.69,10635.65
2023-01-10,3919.25,3.61,3.5,300.456,75.11,10742.63
2023-01-11,3969.61,3.54,3.5,300.456,77.46,10931.67
2023-01-12,3983.17,3.43,3.5,300.456,78.32,11001.1
2023-01-13,3999.09,3.49,3.5,300.456,79.9,11079.16
2023-01-16,3999.09,3.49,3.5,300.456,79.9,11079.16
2023-01-17,3990.97,3.53,3.5,300.456,80.25,11095.11
2023-01-18,3928.86,3.37,3.5,300.456,79.53,10957.01
2023-01-19,3898.85,3.39,3.5,300.456,80.31,10852.27
2023-01-20,3972.61,3.48,3.5,300.456,81.27,11140.43
2023-01-23,4019.81,3.52,3.5,300.456,81.62,11364.41
2023-01-24,4016.95,3.46,3.5,300.456,79.86,11334.27
2023-01-25,4016.22,3.46,3.5,300.456,79.78,11313.36
2023-01-26,4060.43,3.49,3.5,300.456,80.64,11512.41
2023-01-27,4070.56,3.52,3.5,300.456,79.73,11621.71
2023-01-30,4017.77,3.55,3.5,300.456,77.97,11393.81
2023-01-31,4076.6,3.52,3.5,300.456,78.95,11584.55
2023-02-01,4119.21,3.39,3.6,301.476,76.34,11816.32
2023-02-02,4179.76,3.4,3.6,301.476,75.87,12200.82
2023-02-03,4136.48,3.53,3.6,301.476,73.4,12006.95
2023-02-06,4111.08,3.63,3.6,301.476,74.11,11887.45
2023-02-07,4164.0,3.67,3.6,301.476,77.17,12113.79
2023-02-08,4117.86,3.63,3.6,301.476,78.47,11910.52
2023-02-09,4081.5,3.67,3.6,301.476,78.04,11789.58
2023-02-10,4090.46,3.74,3.6,301.476,79.74,11718.12
2023-02-13,4137.29,3.72,3.6,301.476,80.14,11891.79
2023-02-14,4136.13,3.77,3.6,301.476,79.08,11960.15
2023-02-15,4147.6,3.81,3.6,301.476,78.57,12070.59
2023-02-16,4090.41,3.86,3.6,301.476,78.45,11855.83
2023-02-17,4079.09,3.82,3.6,301.476,76.31,11787.27
2023-02-20,4079.09,3.82,3.6,301.476,76.31,11787.27
2023-02-21,3997.34,3.95,3.6,301.476,76.28,11492.3
2023-02-22,3991.05,3.93,3.6,301.476,73.95,11507.07
2023-02-23,4012.32,3.88,3.6,301.476,75.26,11590.4
2023-02-24,3970.04,3.95,3.6,301.476,76.19,11394.94
2023-02-27,3982.24,3.92,3.6,301.476,75.57,11466.98
2023-02-28,3970.15,3.92,3.6,301.476,76.88,11455.54
2023-03-01,3951.39,4.01,3.5,301.643,77.57,11379.48
2023-03-02,3981.35,4.08,3.5,301.643,78.05,11462.98
2023-03-03,4045.64,3.97,3.5,301.643,79.62,11689.01
2023-03-06,4048.42,3.98,3.5,301.643,80.39,11675.74
2023-03-07,3986.37,3.97,3.5,301.643,77.45,11530.33
2023-03-08,3992.01,3.98,3.5,301.643,76.56,11576.0
2023-03-09,3918.32,3.93,3.5,301.643,75.6,11338.35
2023-03-10,3861.59,3.7,3.5,301.643,76.55,11138.89
2023-03-13,3855.76,3.55,3.5,301.643,74.68,11188.84
2023-03-14,3919.29,3.64,3.5,301.643,71.18,11428.15
2023-03-15,3891.93,3.51,3.5,301.643,67.38,11434.05
2023-03-16,3960.28,3.56,3.5,301.643,68.15,11717.28
2023-03-17,3916.64,3.39,3.5,301.643,66.61,11630.51
2023-03-20,3951.57,3.47,3.5,301.643,67.56,11675.54
2023-03-21,4002.87,3.59,3.5,301.643,69.4,11860.11
2023-03-22,3936.97,3.48,3.5,301.643,70.71,11669.96
2023-03-23,3948.72,3.38,3.5,301.643,69.77,11787.4
2023-03-24,3970.99,3.38,3.5,301.643,69.22,11823.96
2023-03-27,3977.53,3.53,3.5,301.643,72.87,11768.84
2023-03-28,3971.27,3.55,3.5,301.643,73.12,11716.08
2023-03-29,4027.81,3.57,3.5,301.643,72.95,11926.24
2023-03-30,4050.83,3.55,3.5,301.643,74.32,12013.47
2023-03-31,4109.31,3.48,3.5,301.643,75.68,12221.91
2023-04-01,4109.31,3.48,3.4,302.858,75.68,12221.91
2023-04-03,4124.51,3.43,3.4,302.858,80.4,12189.45
2023-04-04,4100.6,3.35,3.4,302.858,80.7,12126.33
2023-04-05,4090.38,3.3,3.4,302.858,80.69,11996.86
2023-04-06,4105.02,3.3,3.4,302.858,80.7,12087.96
2023-04-07,4105.02,3.39,3.4,302.858,80.7,12087.96
2023-04-10,4109.11,3.41,3.4,302.858,79.79,12084.36
2023-04-11,4108.94,3.43,3.4,302.858,81.54,12031.88
2023-04-12,4091.95,3.41,3.4,302.858,83.26,11929.34
2023-04-13,4146.22,3.45,3.4,302.858,82.16,12166.27
2023-04-14,4137.64,3.52,3.4,302.858,82.58,12123.47
2023-04-17,4151.32,3.6,3.4,302.858,80.93,12157.72
2023-04-18,4154.87,3.58,3.4,302.858,80.85,12153.41
2023-04-19,4154.52,3.6,3.4,302.858,79.18,12157.23
2023-04-20,4129.79,3.54,3.4,302.858,77.27,12059.56
2023-04-21,4133.52,3.57,3.4,302.858,77.86,12072.46
2023-04-24,4137.04,3.52,3.4,302.858,78.64,12037.2
2023-04-25,4071.63,3.4,3.4,302.858,77.05,11799.16
2023-04-26,4055.99,3.43,3.4,302.858,74.33,11854.35
2023-04-27,4135.35,3.53,3.4,302.858,74.77,12142.24
2023-04-28,4169.48,3.44,3.4,302.858,76.78,12226.58
2023-05-01,4167.87,3.59,3.6,303.316,75.65,12212.6
2023-05-02,4119.58,3.44,3.6,303.316,71.71,12080.51
2023-05-03,4090.75,3.38,3.6,303.316,68.62,12025.33
2023-05-04,4061.22,3.37,3.6,303.316,68.52,11966.4
2023-05-05,4136.25,3.44,3.6,303.316,71.32,12235.41
2023-05-08,4138.12,3.52,3.6,303.316,73.13,12256.92
2023-05-09,4119.17,3.53,3.6,303.316,73.68,12179.55
2023-05-10,4137.64,3.43,3.6,303.316,72.53,12306.44
2023-05-11,4130.62,3.39,3.6,303.316,70.81,12328.51
2023-05-12,4124.08,3.46,3.6,303.316,70.02,12284.74
2023-05-15,4136.28,3.5,3.6,303.316,71.07,12365.21
2023-05-16,4109.9,3.54,3.6,303.316,70.85,12343.05
2023-05-17,4158.77,3.57,3.6,303.316,72.78,12500.57
2023-05-18,4198.05,3.65,3.6,303.316,71.82,12688.84
2023-05-19,4191.98,3.7,3.6,303.316,71.57,12657.9
2023-05-22,4192.63,3.72,3.6,303.316,71.81,12720.78
2023-05-23,4145.58,3.7,3.6,303.316,72.87,12560.25
2023-05-24,4115.24,3.73,3.6,303.316,74.37,12484.16
2023-05-25,4151.28,3.83,3.6,303.316,71.68,12698.09
2023-05-26,4205.45,3.8,3.6,303.316,72.35,12975.69
2023-05-29,4205.45,3.8,3.6,303.316,72.35,12975.69
2023-05-30,4205.52,3.69,3.6,303.316,69.45,13017.43
2023-05-31,4179.83,3.64,3.6,303.316,68.11,12935.29
2023-06-01,4221.02,3.61,3.6,304.099,70.09,13100.98
2023-06-02,4282.37,3.69,3.6,304.099,71.76,13240.77
2023-06-05,4273.79,3.69,3.6,304.099,72.14,13229.43
2023-06-06,4283.85,3.7,3.6,304.099,71.71,13276.42
2023-06-07,4267.52,3.79,3.6,304.099,72.52,13104.89
2023-06-08,4293.93,3.73,3.6,304.099,71.28,13238.52
2023-06-09,4298.86,3.75,3.6,304.099,70.16,13259.14
2023-06-12,4338.93,3.73,3.6,304.099,67.08,13461.92
2023-06-13,4369.01,3.84,3.6,304.099,69.39,13573.32
2023-06-14,4372.59,3.83,3.6,304.099,68.22,13626.48
2023-06-15,4425.84,3.72,3.6,304.099,70.61,13782.82
2023-06-16,4409.59,3.77,3.6,304.099,71.81,13689.57
2023-06-19,4409.59,3.77,3.6,304.099,71.81,13689.57
2023-06-20,4388.71,3.74,3.6,304.099,70.94,13667.29
2023-06-21,4365.69,3.72,3.6,304.099,72.55,13502.2
2023-06-22,4381.89,3.8,3.6,304.099,69.22,13630.61
2023-06-23,4348.33,3.74,3.6,304.099,68.91,13492.52
2023-06-26,4328.82,3.72,3.6,304.099,69.09,13335.78
2023-06-27,4378.41,3.77,3.6,304.099,67.68,13555.67
2023-06-28,4376.86,3.71,3.6,304.099,69.54,13591.75
2023-06-29,4396.44,3.85,3.6,304.099,69.85,13591.33
2023-06-30,4450.38,3.81,3.6,304.099,70.66,13787.92
2023-07-01,4450.38,3.81,3.5,304.615,70.66,13787.92
2023-07-03,4455.59,3.86,3.5,304.615,69.71,13816.77
2023-07-04,4455.59,3.86,3.5,304.615,69.71,13816.77
2023-07-05,4446.82,3.95,3.5,304.615,71.78,13791.65
2023-07-06,4411.59,4.05,3.5,304.615,71.76,13679.04
2023-07-07,4398.95,4.06,3.5,304.615,73.91,13660.72
2023-07-10,4409.53,4.01,3.5,304.615,73.05,13685.48
2023-07-11,4439.26,3.99,3.5,304.615,74.87,13760.7
2023-07-12,4472.16,3.86,3.5,304.615,75.77,13918.96
2023-07-13,4510.04,3.76,3.5,304.615,76.86,14138.57
2023-07-14,4505.42,3.83,3.5,304.615,75.44,14113.7
2023-07-17,4522.79,3.81,3.5,304.615,74.17,14244.95
2023-07-18,4554.98,3.8,3.5,304.615,75.76,14353.64
2023-07-19,4565.72,3.75,3.5,304.615,75.4,14358.02
2023-07-20,4534.87,3.85,3.5,304.615,75.65,14063.31
2023-07-21,4536.34,3.84,3.5,304.615,77.06,14032.81
2023-07-24,4554.64,3.86,3.5,304.615,78.81,14058.87
2023-07-25,4567.46,3.91,3.5,304.615,79.76,14144.56
2023-07-26,4566.75,3.86,3.5,304.615,79.11,14127.28
2023-07-27,4537.41,4.01,3.5,304.615,80.17,14050.11
2023-07-28,4582.23,3.96,3.5,304.615,80.55,14316.66
2023-07-31,4588.96,3.97,3.5,304.615,81.8,14346.02
2023-08-01,4576.73,4.05,3.7,306.138,81.37,14283.91
2023-08-02,4513.39,4.08,3.7,306.138,79.5,13973.45
2023-08-03,4501.89,4.2,3.7,306.138,81.56,13959.72
2023-08-04,4478.03,4.05,3.7,306.138,82.76,13892.07
2023-08-07,4518.44,4.09,3.7,306.138,81.94,13977.12
2023-08-08,4499.38,4.02,3.7,306.138,82.94,13867.19
2023-08-09,4467.71,4.0,3.7,306.138,84.35,13705.08
2023-08-10,4468.83,4.09,3.7,306.138,82.81,13721.03
2023-08-11,4464.05,4.16,3.7,306.138,83.17,13644.85
2023-08-14,4489.72,4.19,3.7,306.138,82.5,13788.33
2023-08-15,4437.86,4.21,3.7,306.138,81.06,13631.05
2023-08-16,4404.33,4.28,3.7,306.138,79.4,13474.63
2023-08-17,4370.36,4.3,3.7,306.138,80.43,13316.93
2023-08-18,4369.71,4.26,3.7,306.138,81.25,13290.78
2023-08-21,4399.77,4.34,3.7,306.138,80.71,13497.59
2023-08-22,4387.55,4.34,3.7,306.138,80.25,13505.87
2023-08-23,4436.01,4.19,3.7,306.138,78.91,13721.03
2023-08-24,4376.31,4.23,3.7,306.138,79.52,13463.97
2023-08-25,4405.71,4.25,3.7,306.138,80.47,13590.65
2023-08-28,4433.31,4.2,3.7,306.138,80.65,13705.13
2023-08-29,4497.63,4.12,3.7,306.138,81.14,13943.76
2023-08-30,4514.87,4.12,3.7,306.138,81.64,14019.31
2023-08-31,4507.66,4.09,3.7,306.138,83.55,14034.97
2023-09-01,4515.77,4.18,3.7,307.374,85.52,14031.81
2023-09-04,4515.77,4.18,3.7,307.374,85.52,14031.81
2023-09-05,4496.83,4.27,3.7,307.374,86.74,14020.95
2023-09-06,4465.48,4.3,3.7,307.374,87.55,13872.47
2023-09-07,4451.14,4.27,3.7,307.374,86.87,13748.83
2023-09-08,4457.49,4.26,3.7,307.374,87.51,13761.53
2023-09-11,4487.46,4.29,3.7,307.374,87.3,13917.91
2023-09-12,4461.9,4.27,3.7,307.374,88.87,13773.63
2023-09-13,4467.44,4.25,3.7,307.374,88.59,13813.59
2023-09-14,4505.1,4.29,3.7,307.374,90.13,13926.05
2023-09-15,4450.32,4.33,3.7,307.374,90.83,13708.33
2023-09-18,4453.53,4.32,3.7,307.374,91.47,13710.24
2023-09-19,4443.95,4.37,3.7,307.374,91.16,13678.19
2023-09-20,4402.2,4.35,3.7,307.374,89.2,13469.13
2023-09-21,4330.0,4.49,3.7,307.374,89.56,13223.98
2023-09-22,4320.06,4.44,3.7,307.374,90.0,13211.81
2023-09-25,4337.44,4.55,3.7,307.374,89.68,13271.32
2023-09-26,4273.53,4.56,3.7,307.374,91.43,13063.61
2023-09-27,4274.51,4.61,3.7,307.374,93.67,13092.85
2023-09-28,4299.7,4.59,3.7,307.374,91.65,13201.28
2023-09-29,4288.05,4.59,3.7,307.374,90.77,13219.32
2023-10-01,4288.05,4.59,3.9,307.653,90.77,13219.32
2023-10-02,4288.39,4.69,3.9,307.653,88.81,13307.77
2023-10-03,4229.45,4.81,3.9,307.653,89.26,13059.47
2023-10-04,4263.75,4.73,3.9,307.653,84.32,13236.01
2023-10-05,4258.19,4.72,3.9,307.653,82.3,13219.83
2023-10-06,4308.5,4.78,3.9,307.653,82.83,13431.34
2023-10-09,4335.66,4.78,3.9,307.653,82.83,13484.24
2023-10-10,4358.24,4.66,3.9,307.653,85.89,13562.84
2023-10-11,4376.95,4.58,3.9,307.653,83.7,13659.68
2023-10-12,4349.61,4.7,3.9,307.653,82.87,13574.22
2023-10-13,4327.78,4.63,3.9,307.653,87.67,13407.23
2023-10-16,4373.63,4.71,3.9,307.653,86.65,13567.98
2023-10-17,4373.2,4.83,3.9,307.653,86.66,13533.75
2023-10-18,4314.6,4.91,3.9,307.653,88.35,13314.3
2023-10-19,4278.0,4.98,3.9,307.653,89.35,13186.18
2023-10-20,4224.16,4.93,3.9,307.653,89.12,12983.81
2023-10-23,4217.04,4.86,3.9,307.653,85.49,13018.33
2023-10-24,4247.68,4.83,3.9,307.653,84.58,13139.87
2023-10-25,4186.77,4.95,3.9,307.653,86.07,12821.22
2023-10-26,4137.23,4.86,3.9,307.653,83.8,12595.61
2023-10-27,4117.37,4.84,3.9,307.653,86.04,12643.01
2023-10-30,4166.82,4.88,3.9,307.653,83.03,12789.48
2023-10-31,4193.8,4.88,3.9,307.653,81.64,12851.24
2023-11-01,4237.86,4.77,3.7,308.087,81.05,13061.47
2023-11-02,4317.78,4.67,3.7,308.087,83.04,13294.19
2023-11-03,4358.34,4.57,3.7,308.087,81.19,13478.28
2023-11-06,4365.98,4.67,3.7,308.087,81.54,13518.78
2023-11-07,4378.38,4.58,3.7,308.087,77.96,13639.86
2023-11-08,4382.78,4.49,3.7,308.087,75.85,13650.41
2023-11-09,4347.35,4.62,3.7,308.087,76.34,13521.45
2023-11-10,4415.24,4.61,3.7,308.087,76.34,13798.11
2023-11-13,4411.55,4.63,3.7,308.087,78.86,13767.74
2023-11-14,4495.7,4.44,3.7,308.087,78.9,14094.38
2023-11-15,4502.88,4.53,3.7,308.087,77.15,14103.84
2023-11-16,4508.24,4.45,3.7,308.087,73.5,14113.67
2023-11-17,4514.02,4.44,3.7,308.087,76.47,14125.48
2023-11-20,4547.38,4.42,3.7,308.087,78.1,14284.53
2023-11-21,4538.19,4.41,3.7,308.087,78.35,14199.98
2023-11-22,4556.62,4.42,3.7,308.087,76.8,14265.86
2023-11-23,4556.62,4.42,3.7,308.087,76.8,14265.86
2023-11-24,4559.34,4.47,3.7,308.087,74.83,14250.85
2023-11-27,4550.43,4.39,3.7,308.087,74.46,14241.02
2023-11-28,4554.89,4.34,3.7,308.087,76.09,14281.76
2023-11-29,4550.58,4.27,3.7,308.087,77.56,14258.49
2023-11-30,4567.8,4.37,3.7,308.087,75.66,14226.22
2023-12-01,4594.63,4.22,3.8,308.735,73.7,14305.03
2023-12-04,4569.78,4.28,3.8,308.735,72.73,14185.49
2023-12-05,4567.18,4.18,3.8,308.735,71.95,14229.91
2023-12-06,4549.34,4.12,3.8,308.735,68.98,14146.71
2023-12-07,4585.59,4.14,3.8,308.735,69.0,14339.99
2023-12-08,4604.37,4.23,3.8,308.735,70.87,14403.97
2023-12-11,4622.44,4.23,3.8,308.735,70.95,14432.49
2023-12-12,4643.7,4.2,3.8,308.735,68.27,14533.4
2023-12-13,4707.09,4.04,3.8,308.735,69.09,14733.96
2023-12-14,4719.55,3.92,3.8,308.735,71.21,14761.56
2023-12-15,4719.19,3.91,3.8,308.735,71.05,14813.92
2023-12-18,4740.56,3.95,3.8,308.735,72.16,14905.19
2023-12-19,4768.37,3.93,3.8,308.735,73.23,15003.22
2023-12-20,4698.35,3.86,3.8,308.735,73.87,14777.94
2023-12-21,4746.75,3.89,3.8,308.735,73.59,14963.87
2023-12-22,4754.63,3.9,3.8,308.735,73.29,14992.97
2023-12-25,4754.63,3.9,3.8,308.735,73.29,14992.97
2023-12-26,4774.75,3.89,3.8,308.735,75.84,15074.57
2023-12-27,4781.58,3.79,3.8,308.735,74.31,15099.18
2023-12-28,4783.35,3.84,3.8,308.735,72.02,15095.14
2023-12-29,4769.83,3.88,3.8,308.735,71.89,15011.35
